Visit_ID,Visit_Date,University,Zip_Code,State,Student_Level,Housing,Financial_Aid,Meal_Plan,Food_Weight_lbs
V-1000,2022-08-08,Michigan State,48824,MI,Undergraduate,On-Campus,Pell Grant,Partial,9.63
V-1001,2021-09-05,UW Seattle,98195,WA,Undergraduate,On-Campus,Pell Grant,Full,14.62
V-1002,2021-01-09,UW Seattle,98195,WA,Undergraduate,Off-Campus,Pell Grant,None,13.94
V-1003,2023-07-31,Arizona State,85281,AZ,Undergraduate,On-Campus,Pell Grant,None,18.91
V-1004,2020-08-10,Texas A&M,77843,TX,Graduate,Off-Campus,Pell Grant,Partial,16.16
V-1005,2021-10-27,Ohio State,43210,OH,Undergraduate,On-Campus,Pell Grant,Partial,11.36
V-1006,2022-05-06,UMass Amherst,01003,MA,Graduate,Off-Campus,None,None,9.43
V-1007,2022-04-18,Arizona State,85281,AZ,Graduate,On-Campus,Pell Grant,None,23.64
V-1008,2023-04-30,Ohio State,43210,OH,Undergraduate,Off-Campus,None,Full,12.95
V-1009,2022-07-29,UMass Amherst,01003,MA,Undergraduate,Off-Campus,None,None,11.09
V-1010,2022-11-15,Georgia Tech,30332,GA,Undergraduate,Off-Campus,Pell Grant,Partial,11.78
V-1011,2023-01-19,UMass Amherst,01003,MA,Undergraduate,Off-Campus,Pell Grant,Full,16.83
V-1012,2023-04-10,UW Seattle,98195,WA,Graduate,Off-Campus,Scholarship,Partial,21.11
V-1013,2021-10-03,UW Seattle,98195,WA,Undergraduate,On-Campus,Pell Grant,None,11.34
V-1014,2021-01-31,UC Irvine,92697,CA,Graduate,Off-Campus,Pell Grant,Full,16.47
V-1015,2021-04-30,Rutgers,08901,NJ,Undergraduate,Off-Campus,Pell Grant,None,16.85
V-1016,2023-07-09,Georgia Tech,30332,GA,Undergraduate,On-Campus,Scholarship,None,10.73
V-1017,2022-12-29,Rutgers,08901,NJ,Graduate,Off-Campus,Pell Grant,Partial,19.75
V-1018,2020-10-15,Texas A&M,77843,TX,Undergraduate,Off-Campus,Scholarship,Full,11.71
V-1019,2023-06-18,Texas A&M,77843,TX,Undergraduate,Off-Campus,Pell Grant,Full,16.33
V-1020,2022-05-17,Georgia Tech,30332,GA,Undergraduate,Off-Campus,None,None,25.01
V-1021,2021-10-29,Michigan State,48824,MI,Undergraduate,Off-Campus,Pell Grant,Partial,18.24
V-1022,2024-08-06,Michigan State,48824,MI,Undergraduate,On-Campus,Scholarship,Full,16.55
V-1023,2024-04-21,UMass Amherst,01003,MA,Undergraduate,Off-Campus,None,None,18.97
V-1024,2021-04-07,UMass Amherst,01003,MA,Undergraduate,Off-Campus,Pell Grant,Partial,8.98
V-1025,2022-03-20,Texas A&M,77843,TX,Undergraduate,Off-Campus,None,None,7.44
V-1026,2023-12-07,Ohio State,43210,OH,Graduate,Off-Campus,Scholarship,Partial,15.76
V-1027,2023-02-18,UMass Amherst,01003,MA,Undergraduate,On-Campus,Scholarship,None,10.99
V-1028,2021-08-06,Georgia Tech,30332,GA,Undergraduate,Off-Campus,None,None,15.61
V-1029,2023-08-20,Georgia Tech,30332,GA,Undergraduate,Off-Campus,Scholarship,None,18.46
V-1030,2023-10-02,UF Gainesville,32611,FL,Undergraduate,Off-Campus,None,None,14.17
V-1031,2021-06-12,Arizona State,85281,AZ,Undergraduate,Off-Campus,Pell Grant,None,10.66
V-1032,2024-01-20,Michigan State,48824,MI,Undergraduate,On-Campus,Scholarship,Full,9.21
V-1033,2021-01-26,Rutgers,08901,NJ,Undergraduate,On-Campus,Scholarship,None,17.26
V-1034,2022-05-16,UC Irvine,92697,CA,Undergraduate,Off-Campus,Scholarship,Partial,18.62
V-1035,2023-05-25,UF Gainesville,32611,FL,Undergraduate,Off-Campus,None,None,11.12
V-1036,2024-02-24,UF Gainesville,32611,FL,Undergraduate,Off-Campus,None,Partial,11.17
V-1037,2023-08-05,Arizona State,85281,AZ,Undergraduate,Off-Campus,Pell Grant,None,14.57
V-1038,2023-09-21,Michigan State,48824,MI,Undergraduate,On-Campus,None,None,20.96
V-1039,2022-12-27,UF Gainesville,32611,FL,Undergraduate,On-Campus,Pell Grant,None,15.74
V-1040,2023-01-28,UF Gainesville,32611,FL,Graduate,Off-Campus,Scholarship,None,18.87
V-1041,2021-05-25,Michigan State,48824,MI,Graduate,On-Campus,None,None,18.87
V-1042,2020-10-02,UF Gainesville,32611,FL,Undergraduate,On-Campus,Pell Grant,Partial,6.93
V-1043,2023-01-12,UC Irvine,92697,CA,Graduate,On-Campus,Scholarship,Partial,24.6
V-1044,2024-03-27,Georgia Tech,30332,GA,Undergraduate,On-Campus,Pell Grant,None,13.25
V-1045,2023-09-16,Georgia Tech,30332,GA,Undergraduate,On-Campus,Pell Grant,None,8.99
V-1046,2022-01-13,UW Seattle,98195,WA,Undergraduate,On-Campus,Pell Grant,Full,12.78
V-1047,2021-09-15,UW Seattle,98195,WA,Undergraduate,On-Campus,None,Full,11.66
V-1048,2024-05-06,Rutgers,08901,NJ,Graduate,On-Campus,None,None,23.48
V-1049,2024-02-01,Rutgers,08901,NJ,Undergraduate,On-Campus,Pell Grant,None,19.9
V-1050,2023-11-07,Rutgers,08901,NJ,Undergraduate,Off-Campus,Pell Grant,Partial,20.57
V-1051,2024-03-09,Ohio State,43210,OH,Undergraduate,On-Campus,Pell Grant,None,16.05
V-1052,2022-05-26,Ohio State,43210,OH,Undergraduate,Off-Campus,None,Full,12.89
V-1053,2022-10-12,Rutgers,08901,NJ,Undergraduate,Off-Campus,Scholarship,Partial,12.75
V-1054,2023-11-24,Ohio State,43210,OH,Undergraduate,Off-Campus,None,Partial,4.5
V-1055,2022-01-02,UW Seattle,98195,WA,Undergraduate,Off-Campus,Pell Grant,None,14.99
V-1056,2021-06-21,UC Irvine,92697,CA,Undergraduate,Off-Campus,Pell Grant,None,14.99
V-1057,2022-06-02,Texas A&M,77843,TX,Undergraduate,On-Campus,None,None,13.27
V-1058,2023-01-24,UMass Amherst,01003,MA,Undergraduate,Off-Campus,None,Partial,10.68
V-1059,2024-08-13,UMass Amherst,01003,MA,Undergraduate,Off-Campus,Pell Grant,None,21.31
V-1060,2024-07-17,Arizona State,85281,AZ,Undergraduate,Off-Campus,Scholarship,Partial,15.56
V-1061,2022-05-02,UMass Amherst,01003,MA,Undergraduate,On-Campus,Pell Grant,None,7.17
V-1062,2022-04-09,Michigan State,48824,MI,Undergraduate,On-Campus,None,None,14.23
V-1063,2023-01-06,Ohio State,43210,OH,Undergraduate,Off-Campus,Scholarship,Partial,12.68
V-1064,2020-12-18,UC Irvine,92697,CA,Undergraduate,Off-Campus,Scholarship,Partial,14.68
V-1065,2022-01-30,UW Seattle,98195,WA,Undergraduate,Off-Campus,Pell Grant,None,12.63
V-1066,2021-08-14,UF Gainesville,32611,FL,Graduate,Off-Campus,None,None,20.65
V-1067,2022-02-03,UC Irvine,92697,CA,Undergraduate,On-Campus,None,None,13.64
V-1068,2023-06-27,UF Gainesville,32611,FL,Graduate,On-Campus,None,Partial,17.69
V-1069,2023-08-19,Georgia Tech,30332,GA,Undergraduate,On-Campus,None,None,18.0
V-1070,2022-07-31,UF Gainesville,32611,FL,Undergraduate,On-Campus,Pell Grant,Partial,19.69
V-1071,2023-02-11,Michigan State,48824,MI,Undergraduate,Off-Campus,Pell Grant,None,20.06
V-1072,2021-04-11,UW Seattle,98195,WA,Undergraduate,Off-Campus,Scholarship,None,11.05
V-1073,2021-11-01,Rutgers,08901,NJ,Undergraduate,Off-Campus,Pell Grant,Partial,17.16
V-1074,2020-11-09,Ohio State,43210,OH,Graduate,Off-Campus,None,Partial,25.51
V-1075,2020-07-19,UF Gainesville,32611,FL,Graduate,On-Campus,None,Full,21.93
V-1076,2023-01-16,UW Seattle,98195,WA,Undergraduate,Off-Campus,None,None,17.03
V-1077,2021-10-10,Arizona State,85281,AZ,Undergraduate,On-Campus,Pell Grant,Partial,8.53
V-1078,2023-07-15,Michigan State,48824,MI,Undergraduate,Off-Campus,Pell Grant,Partial,17.31
V-1079,2021-07-30,Arizona State,85281,AZ,Undergraduate,Off-Campus,Pell Grant,Partial,12.62
V-1080,2022-06-26,Arizona State,85281,AZ,Undergraduate,Off-Campus,None,None,12.56
V-1081,2023-06-16,UW Seattle,98195,WA,Undergraduate,Off-Campus,Pell Grant,Partial,16.99
V-1082,2023-11-23,Rutgers,08901,NJ,Undergraduate,Off-Campus,Pell Grant,None,20.57
V-1083,2022-02-03,Georgia Tech,30332,GA,Undergraduate,Off-Campus,None,None,23.83
V-1084,2021-04-19,UMass Amherst,01003,MA,Graduate,Off-Campus,Pell Grant,Partial,13.28
V-1085,2022-07-07,UF Gainesville,32611,FL,Undergraduate,Off-Campus,Scholarship,Partial,18.77
V-1086,2023-08-17,UF Gainesville,32611,FL,Undergraduate,Off-Campus,Pell Grant,None,17.37
V-1087,2021-03-26,Rutgers,08901,NJ,Undergraduate,On-Campus,Pell Grant,None,17.85
V-1088,2021-09-16,UC Irvine,92697,CA,Undergraduate,Off-Campus,None,None,14.27
V-1089,2020-05-28,UF Gainesville,32611,FL,Undergraduate,On-Campus,None,None,15.71
V-1090,2021-05-09,UF Gainesville,32611,FL,Undergraduate,Off-Campus,Scholarship,Partial,13.78
V-1091,2023-07-16,UW Seattle,98195,WA,Graduate,Off-Campus,Pell Grant,None,15.96
V-1092,2023-06-08,Rutgers,08901,NJ,Graduate,Off-Campus,None,None,23.69
V-1093,2022-01-26,Georgia Tech,30332,GA,Undergraduate,Off-Campus,None,None,9.84
V-1094,2022-06-05,UF Gainesville,32611,FL,Undergraduate,Off-Campus,Pell Grant,None,17.02
V-1095,2024-01-02,UF Gainesville,32611,FL,Undergraduate,On-Campus,Scholarship,Partial,20.28
V-1096,2023-06-13,Ohio State,43210,OH,Undergraduate,Off-Campus,Scholarship,Partial,11.29
V-1097,2022-07-31,Texas A&M,77843,TX,Undergraduate,Off-Campus,Scholarship,None,14.65
V-1098,2022-03-11,Arizona State,85281,AZ,Undergraduate,On-Campus,None,Partial,17.27
V-1099,2023-05-19,UC Irvine,92697,CA,Undergraduate,Off-Campus,None,Partial,13.75
V-1100,2023-10-28,Ohio State,43210,OH,Graduate,On-Campus,Pell Grant,None,32.0
V-1101,2022-12-26,UW Seattle,98195,WA,Undergraduate,Off-Campus,Pell Grant,None,14.76
V-1102,2021-11-17,UF Gainesville,32611,FL,Undergraduate,On-Campus,Pell Grant,Partial,9.65
V-1103,2020-08-30,Arizona State,85281,AZ,Graduate,Off-Campus,None,None,22.44
V-1104,2023-06-02,UW Seattle,98195,WA,Undergraduate,On-Campus,Pell Grant,None,14.24
V-1105,2024-07-29,Arizona State,85281,AZ,Undergraduate,On-Campus,Pell Grant,Full,18.62
V-1106,2024-07-20,UF Gainesville,32611,FL,Undergraduate,Off-Campus,Pell Grant,None,13.83
V-1107,2022-08-22,Arizona State,85281,AZ,Undergraduate,On-Campus,Scholarship,Full,17.22
V-1108,2024-01-04,Ohio State,43210,OH,Undergraduate,On-Campus,Scholarship,None,11.5
V-1109,2023-03-05,UC Irvine,92697,CA,Undergraduate,Off-Campus,Scholarship,Full,12.49
V-1110,2024-05-18,Texas A&M,77843,TX,Undergraduate,Off-Campus,Scholarship,None,18.02
V-1111,2021-04-29,UMass Amherst,01003,MA,Undergraduate,Off-Campus,Scholarship,None,20.11
V-1112,2023-05-03,Michigan State,48824,MI,Undergraduate,Off-Campus,Scholarship,Partial,18.9
V-1113,2023-09-01,UMass Amherst,01003,MA,Graduate,Off-Campus,None,Partial,21.14
V-1114,2023-07-21,UF Gainesville,32611,FL,Undergraduate,On-Campus,Pell Grant,None,11.01
V-1115,2022-04-21,UMass Amherst,01003,MA,Graduate,Off-Campus,Pell Grant,Partial,25.37
V-1116,2023-11-13,UC Irvine,92697,CA,Undergraduate,Off-Campus,Pell Grant,Partial,16.31
V-1117,2024-04-06,Ohio State,43210,OH,Undergraduate,On-Campus,Pell Grant,None,16.44
V-1118,2023-01-16,Ohio State,43210,OH,Undergraduate,Off-Campus,None,None,20.18
V-1119,2023-06-06,UW Seattle,98195,WA,Undergraduate,Off-Campus,Pell Grant,None,14.77
V-1120,2023-07-25,Georgia Tech,30332,GA,Undergraduate,Off-Campus,None,None,15.78
V-1121,2022-06-22,UF Gainesville,32611,FL,Undergraduate,Off-Campus,Scholarship,None,14.68
V-1122,2022-08-10,Georgia Tech,30332,GA,Undergraduate,Off-Campus,Pell Grant,Partial,14.75
V-1123,2020-10-21,Ohio State,43210,OH,Undergraduate,On-Campus,Scholarship,None,9.22
V-1124,2022-11-26,Rutgers,08901,NJ,Graduate,Off-Campus,Pell Grant,Full,13.17
V-1125,2023-04-09,Michigan State,48824,MI,Undergraduate,On-Campus,Pell Grant,None,16.05
V-1126,2020-09-28,Georgia Tech,30332,GA,Undergraduate,Off-Campus,Pell Grant,None,9.02
V-1127,2023-01-27,UF Gainesville,32611,FL,Undergraduate,Off-Campus,Scholarship,None,13.12
V-1128,2023-10-01,UW Seattle,98195,WA,Undergraduate,Off-Campus,Pell Grant,None,17.2
V-1129,2021-03-29,Georgia Tech,30332,GA,Undergraduate,On-Campus,Pell Grant,Partial,7.91
V-1130,2020-12-19,Michigan State,48824,MI,Undergraduate,Off-Campus,None,None,22.33
V-1131,2023-05-25,Georgia Tech,30332,GA,Undergraduate,On-Campus,Pell Grant,None,22.09
V-1132,2023-08-17,Michigan State,48824,MI,Undergraduate,Off-Campus,Pell Grant,Partial,14.96
V-1133,2022-06-01,UW Seattle,98195,WA,Undergraduate,On-Campus,Scholarship,Full,15.7
V-1134,2023-10-28,Texas A&M,77843,TX,Undergraduate,Off-Campus,None,Partial,13.28
V-1135,2021-03-11,UMass Amherst,01003,MA,Undergraduate,Off-Campus,Pell Grant,Partial,6.28
V-1136,2020-09-04,Georgia Tech,30332,GA,Undergraduate,On-Campus,Scholarship,None,9.45
V-1137,2021-10-08,UC Irvine,92697,CA,Undergraduate,On-Campus,None,None,20.06
V-1138,2021-09-06,UF Gainesville,32611,FL,Undergraduate,On-Campus,None,None,14.62
V-1139,2023-08-06,UF Gainesville,32611,FL,Undergraduate,Off-Campus,Pell Grant,None,8.43
V-1140,2023-06-16,Rutgers,08901,NJ,Undergraduate,Off-Campus,Pell Grant,None,16.28
V-1141,2023-04-30,Michigan State,48824,MI,Undergraduate,Off-Campus,Scholarship,Partial,21.27
V-1142,2022-10-03,Texas A&M,77843,TX,Undergraduate,On-Campus,Pell Grant,Partial,11.28
V-1143,2023-09-18,Rutgers,08901,NJ,Undergraduate,Off-Campus,Scholarship,Partial,9.85
V-1144,2020-07-05,Georgia Tech,30332,GA,Undergraduate,On-Campus,Scholarship,Partial,11.46
V-1145,2021-04-30,Rutgers,08901,NJ,Undergraduate,Off-Campus,None,None,20.55
V-1146,2022-12-25,Texas A&M,77843,TX,Undergraduate,Off-Campus,None,Full,9.21
V-1147,2022-10-20,UMass Amherst,01003,MA,Undergraduate,Off-Campus,None,None,13.82
V-1148,2022-09-07,Georgia Tech,30332,GA,Undergraduate,Off-Campus,Pell Grant,None,20.32
V-1149,2020-11-26,Georgia Tech,30332,GA,Undergraduate,Off-Campus,Pell Grant,None,18.02
V-1150,2022-08-08,Rutgers,08901,NJ,Graduate,On-Campus,Scholarship,None,20.32
V-1151,2024-01-11,Rutgers,08901,NJ,Graduate,Off-Campus,Scholarship,None,30.62
V-1152,2023-06-14,Rutgers,08901,NJ,Undergraduate,On-Campus,None,None,13.95
V-1153,2023-04-04,UMass Amherst,01003,MA,Undergraduate,On-Campus,Pell Grant,None,14.85
V-1154,2024-05-27,Michigan State,48824,MI,Undergraduate,Off-Campus,Pell Grant,Partial,7.93
V-1155,2023-05-31,Texas A&M,77843,TX,Graduate,Off-Campus,Pell Grant,Partial,25.85
V-1156,2022-11-17,UW Seattle,98195,WA,Undergraduate,On-Campus,Scholarship,Partial,17.05
V-1157,2022-08-23,Arizona State,85281,AZ,Graduate,Off-Campus,None,Full,20.4
V-1158,2024-07-14,Georgia Tech,30332,GA,Undergraduate,Off-Campus,Scholarship,Partial,13.68
V-1159,2022-05-27,Georgia Tech,30332,GA,Graduate,Off-Campus,Scholarship,None,20.75
V-1160,2023-12-27,Georgia Tech,30332,GA,Undergraduate,Off-Campus,Pell Grant,Full,12.7
V-1161,2023-07-20,UF Gainesville,32611,FL,Undergraduate,Off-Campus,Pell Grant,Full,13.42
V-1162,2023-05-17,UF Gainesville,32611,FL,Undergraduate,Off-Campus,None,None,16.15
V-1163,2023-11-07,Texas A&M,77843,TX,Undergraduate,Off-Campus,None,None,17.41
V-1164,2022-04-05,Georgia Tech,30332,GA,Undergraduate,Off-Campus,Scholarship,None,16.02
V-1165,2023-11-10,Rutgers,08901,NJ,Undergraduate,Off-Campus,None,None,12.25
V-1166,2024-10-23,Arizona State,85281,AZ,Undergraduate,Off-Campus,None,Partial,8.7
V-1167,2023-10-08,UMass Amherst,01003,MA,Graduate,Off-Campus,Pell Grant,None,16.13
V-1168,2022-06-26,Georgia Tech,30332,GA,Undergraduate,Off-Campus,Pell Grant,None,20.2
V-1169,2023-09-15,Georgia Tech,30332,GA,Undergraduate,Off-Campus,None,None,13.21
V-1170,2021-05-13,Arizona State,85281,AZ,Undergraduate,On-Campus,None,Full,13.14
V-1171,2023-12-04,Arizona State,85281,AZ,Graduate,Off-Campus,Pell Grant,None,24.86
V-1172,2022-05-28,Georgia Tech,30332,GA,Undergraduate,Off-Campus,Scholarship,None,12.97
V-1173,2020-06-10,Michigan State,48824,MI,Undergraduate,Off-Campus,Pell Grant,None,15.77
V-1174,2024-03-24,Texas A&M,77843,TX,Undergraduate,Off-Campus,Pell Grant,Partial,14.3
V-1175,2024-06-17,UMass Amherst,01003,MA,Graduate,Off-Campus,Pell Grant,None,19.12
V-1176,2024-06-18,UW Seattle,98195,WA,Undergraduate,Off-Campus,Pell Grant,None,23.22
V-1177,2022-11-06,UW Seattle,98195,WA,Graduate,On-Campus,Scholarship,None,24.54
V-1178,2022-04-21,UF Gainesville,32611,FL,Undergraduate,Off-Campus,Pell Grant,Full,18.66
V-1179,2023-09-12,Michigan State,48824,MI,Undergraduate,Off-Campus,Pell Grant,None,10.17
V-1180,2023-10-24,UC Irvine,92697,CA,Undergraduate,On-Campus,Pell Grant,Partial,12.25
V-1181,2023-02-25,Rutgers,08901,NJ,Undergraduate,Off-Campus,Scholarship,Partial,14.49
V-1182,2022-10-29,Arizona State,85281,AZ,Undergraduate,Off-Campus,Scholarship,None,13.03
V-1183,2021-06-15,Georgia Tech,30332,GA,Graduate,Off-Campus,Pell Grant,None,22.38
V-1184,2021-08-10,Georgia Tech,30332,GA,Undergraduate,Off-Campus,Pell Grant,Partial,15.74
V-1185,2021-05-09,Ohio State,43210,OH,Undergraduate,Off-Campus,Pell Grant,None,18.51
V-1186,2021-03-26,Georgia Tech,30332,GA,Undergraduate,Off-Campus,Scholarship,Partial,11.25
V-1187,2023-11-28,UF Gainesville,32611,FL,Undergraduate,Off-Campus,Pell Grant,Partial,15.94
V-1188,2023-07-29,UC Irvine,92697,CA,Undergraduate,Off-Campus,Pell Grant,Partial,19.48
V-1189,2024-06-11,UC Irvine,92697,CA,Graduate,Off-Campus,None,None,19.65
V-1190,2024-10-02,UF Gainesville,32611,FL,Undergraduate,Off-Campus,Pell Grant,None,13.15
V-1191,2021-03-24,Texas A&M,77843,TX,Undergraduate,Off-Campus,None,None,18.42
V-1192,2023-10-08,Georgia Tech,30332,GA,Graduate,On-Campus,Pell Grant,Partial,12.87
V-1193,2024-03-25,Ohio State,43210,OH,Undergraduate,Off-Campus,Scholarship,Partial,21.67
V-1194,2021-06-02,Ohio State,43210,OH,Undergraduate,Off-Campus,None,None,11.93
V-1195,2022-11-29,Georgia Tech,30332,GA,Graduate,Off-Campus,Pell Grant,None,20.31
V-1196,2021-01-03,Georgia Tech,30332,GA,Graduate,Off-Campus,Scholarship,None,23.89
V-1197,2023-04-01,Arizona State,85281,AZ,Undergraduate,Off-Campus,None,Partial,17.68
V-1198,2024-07-17,UC Irvine,92697,CA,Undergraduate,On-Campus,Scholarship,Partial,9.85
V-1199,2024-01-28,UMass Amherst,01003,MA,Undergraduate,Off-Campus,None,None,11.88
V-1200,2022-01-04,UF Gainesville,32611,FL,Undergraduate,Off-Campus,Pell Grant,None,13.89
V-1201,2024-11-06,Rutgers,08901,NJ,Graduate,On-Campus,Scholarship,None,25.82
V-1202,2021-02-26,UMass Amherst,01003,MA,Undergraduate,Off-Campus,Scholarship,Full,14.82
V-1203,2023-01-28,Georgia Tech,30332,GA,Undergraduate,On-Campus,Scholarship,None,14.68
V-1204,2023-05-17,Ohio State,43210,OH,Undergraduate,Off-Campus,None,None,12.97
V-1205,2023-05-15,Texas A&M,77843,TX,Undergraduate,Off-Campus,Pell Grant,None,22.14
V-1206,2023-04-02,UMass Amherst,01003,MA,Graduate,On-Campus,Pell Grant,None,20.16
V-1207,2023-05-08,Ohio State,43210,OH,Graduate,On-Campus,Pell Grant,None,24.59
V-1208,2022-03-29,Ohio State,43210,OH,Graduate,On-Campus,Pell Grant,None,19.16
V-1209,2022-07-12,Georgia Tech,30332,GA,Graduate,On-Campus,Scholarship,None,14.6
V-1210,2023-04-01,UC Irvine,92697,CA,Undergraduate,Off-Campus,Scholarship,Partial,6.95
V-1211,2023-11-19,Michigan State,48824,MI,Graduate,Off-Campus,Pell Grant,None,22.56
V-1212,2023-07-09,UF Gainesville,32611,FL,Undergraduate,Off-Campus,Scholarship,None,17.78
V-1213,2022-10-01,Texas A&M,77843,TX,Undergraduate,Off-Campus,Pell Grant,None,20.11
V-1214,2024-05-12,UC Irvine,92697,CA,Undergraduate,On-Campus,Pell Grant,None,15.2
V-1215,2023-11-15,UC Irvine,92697,CA,Undergraduate,On-Campus,Scholarship,None,13.97
V-1216,2024-10-08,Michigan State,48824,MI,Undergraduate,Off-Campus,None,None,17.0
V-1217,2022-08-16,UW Seattle,98195,WA,Graduate,On-Campus,Pell Grant,None,15.71
V-1218,2024-08-07,UW Seattle,98195,WA,Graduate,Off-Campus,Pell Grant,Full,22.78
V-1219,2022-11-29,Arizona State,85281,AZ,Undergraduate,Off-Campus,Scholarship,None,15.44
V-1220,2022-09-27,Michigan State,48824,MI,Undergraduate,Off-Campus,Scholarship,Partial,13.76
V-1221,2024-01-22,Rutgers,08901,NJ,Undergraduate,Off-Campus,Pell Grant,None,15.03
V-1222,2023-11-18,Georgia Tech,30332,GA,Undergraduate,Off-Campus,Pell Grant,None,21.17
V-1223,2024-06-05,UW Seattle,98195,WA,Undergraduate,Off-Campus,Scholarship,None,16.79
V-1224,2024-01-02,Ohio State,43210,OH,Undergraduate,Off-Campus,Pell Grant,None,13.95
V-1225,2021-07-12,Ohio State,43210,OH,Graduate,Off-Campus,Pell Grant,Partial,12.83
V-1226,2024-06-26,Michigan State,48824,MI,Undergraduate,On-Campus,Scholarship,None,10.12
V-1227,2023-06-27,Ohio State,43210,OH,Undergraduate,Off-Campus,Pell Grant,None,16.93
V-1228,2023-05-06,Ohio State,43210,OH,Graduate,Off-Campus,Pell Grant,None,17.36
V-1229,2023-06-27,Arizona State,85281,AZ,Undergraduate,Off-Campus,None,None,13.57
V-1230,2023-01-25,Ohio State,43210,OH,Undergraduate,On-Campus,Pell Grant,Partial,14.91
V-1231,2024-01-05,Michigan State,48824,MI,Undergraduate,Off-Campus,Pell Grant,Partial,21.42
V-1232,2023-02-28,UF Gainesville,32611,FL,Graduate,Off-Campus,None,None,24.64
V-1233,2022-09-13,Rutgers,08901,NJ,Undergraduate,Off-Campus,Pell Grant,None,14.83
V-1234,2021-07-22,UMass Amherst,01003,MA,Graduate,On-Campus,Pell Grant,None,25.2
V-1235,2021-12-17,Ohio State,43210,OH,Undergraduate,On-Campus,None,None,17.08
V-1236,2021-07-27,Texas A&M,77843,TX,Undergraduate,Off-Campus,None,Full,6.33
V-1237,2022-10-24,Arizona State,85281,AZ,Undergraduate,Off-Campus,Pell Grant,Partial,20.03
V-1238,2024-03-22,Rutgers,08901,NJ,Undergraduate,Off-Campus,None,Partial,16.18
V-1239,2023-10-15,UC Irvine,92697,CA,Undergraduate,Off-Campus,Pell Grant,None,6.35
V-1240,2022-09-05,Georgia Tech,30332,GA,Undergraduate,Off-Campus,Scholarship,None,18.07
V-1241,2024-06-16,Michigan State,48824,MI,Undergraduate,On-Campus,Pell Grant,None,16.89
V-1242,2021-08-18,UC Irvine,92697,CA,Undergraduate,On-Campus,None,Full,13.25
V-1243,2022-02-28,UF Gainesville,32611,FL,Undergraduate,Off-Campus,None,Partial,16.91
V-1244,2022-11-18,Georgia Tech,30332,GA,Undergraduate,Off-Campus,Scholarship,Partial,14.28
V-1245,2022-06-09,UW Seattle,98195,WA,Undergraduate,Off-Campus,Pell Grant,Partial,15.56
V-1246,2023-05-21,UC Irvine,92697,CA,Undergraduate,Off-Campus,Pell Grant,Full,14.22
V-1247,2021-07-11,Arizona State,85281,AZ,Undergraduate,Off-Campus,None,None,12.92
V-1248,2021-07-09,UC Irvine,92697,CA,Undergraduate,Off-Campus,Scholarship,None,8.81
V-1249,2022-07-02,Ohio State,43210,OH,Undergraduate,On-Campus,None,Partial,15.95
V-1250,2024-03-10,UW Seattle,98195,WA,Undergraduate,On-Campus,None,None,23.57
V-1251,2021-10-06,Texas A&M,77843,TX,Undergraduate,On-Campus,Pell Grant,None,12.13
V-1252,2021-11-12,Ohio State,43210,OH,Undergraduate,Off-Campus,None,None,10.23
V-1253,2021-04-07,Michigan State,48824,MI,Undergraduate,On-Campus,Scholarship,None,10.78
V-1254,2021-06-23,Michigan State,48824,MI,Undergraduate,On-Campus,None,None,7.45
V-1255,2022-07-26,Rutgers,08901,NJ,Undergraduate,Off-Campus,None,None,13.29
V-1256,2023-01-07,Rutgers,08901,NJ,Undergraduate,Off-Campus,None,Partial,14.01
V-1257,2023-11-02,Georgia Tech,30332,GA,Undergraduate,Off-Campus,Pell Grant,Partial,15.24
V-1258,2023-05-16,UW Seattle,98195,WA,Undergraduate,On-Campus,Pell Grant,Full,18.1
V-1259,2023-09-08,UMass Amherst,01003,MA,Undergraduate,On-Campus,None,None,12.47
V-1260,2021-10-29,UW Seattle,98195,WA,Undergraduate,Off-Campus,Pell Grant,None,11.27
V-1261,2022-12-17,UC Irvine,92697,CA,Undergraduate,Off-Campus,None,None,9.46
V-1262,2023-05-06,Georgia Tech,30332,GA,Graduate,Off-Campus,None,None,18.17
V-1263,2023-09-07,Ohio State,43210,OH,Undergraduate,Off-Campus,Scholarship,None,6.18
V-1264,2020-10-24,Georgia Tech,30332,GA,Undergraduate,Off-Campus,Pell Grant,None,16.06
V-1265,2024-03-07,UMass Amherst,01003,MA,Undergraduate,Off-Campus,None,None,11.4
V-1266,2023-01-16,Ohio State,43210,OH,Undergraduate,On-Campus,Scholarship,None,10.55
V-1267,2022-11-05,Rutgers,08901,NJ,Undergraduate,Off-Campus,Pell Grant,None,14.6
V-1268,2023-02-07,Ohio State,43210,OH,Undergraduate,Off-Campus,Pell Grant,None,11.24
V-1269,2022-08-12,Michigan State,48824,MI,Graduate,Off-Campus,Pell Grant,None,16.47
V-1270,2020-08-08,UW Seattle,98195,WA,Undergraduate,On-Campus,Pell Grant,None,8.24
V-1271,2022-06-08,UMass Amherst,01003,MA,Undergraduate,On-Campus,Scholarship,None,11.33
V-1272,2021-06-21,UF Gainesville,32611,FL,Undergraduate,Off-Campus,Scholarship,Partial,14.05
V-1273,2023-07-04,UW Seattle,98195,WA,Undergraduate,Off-Campus,None,None,18.45
V-1274,2023-10-21,Ohio State,43210,OH,Undergraduate,Off-Campus,Pell Grant,None,11.55
V-1275,2023-02-12,Texas A&M,77843,TX,Undergraduate,Off-Campus,None,None,14.48
V-1276,2023-04-05,Georgia Tech,30332,GA,Graduate,On-Campus,Pell Grant,None,18.85
V-1277,2021-07-08,Rutgers,08901,NJ,Undergraduate,On-Campus,None,None,19.54
V-1278,2022-04-07,UMass Amherst,01003,MA,Undergraduate,Off-Campus,None,None,19.4
V-1279,2023-03-19,Rutgers,08901,NJ,Undergraduate,Off-Campus,Pell Grant,Partial,9.33
V-1280,2022-07-16,UW Seattle,98195,WA,Undergraduate,Off-Campus,Scholarship,Partial,14.14
V-1281,2022-01-26,UMass Amherst,01003,MA,Graduate,On-Campus,Pell Grant,Partial,20.17
V-1282,2021-05-10,UW Seattle,98195,WA,Undergraduate,Off-Campus,Pell Grant,None,11.25
V-1283,2021-09-14,UW Seattle,98195,WA,Undergraduate,On-Campus,Pell Grant,None,10.86
V-1284,2021-11-02,Georgia Tech,30332,GA,Undergraduate,Off-Campus,None,None,10.16
V-1285,2024-03-10,Ohio State,43210,OH,Undergraduate,On-Campus,None,Partial,13.17
V-1286,2021-03-16,Michigan State,48824,MI,Undergraduate,Off-Campus,Pell Grant,None,2.95
V-1287,2024-09-17,UMass Amherst,01003,MA,Undergraduate,Off-Campus,Pell Grant,None,18.51
V-1288,2021-06-04,Georgia Tech,30332,GA,Undergraduate,Off-Campus,Scholarship,Full,14.7
V-1289,2024-01-23,Texas A&M,77843,TX,Undergraduate,Off-Campus,None,None,14.91
V-1290,2023-11-22,UMass Amherst,01003,MA,Undergraduate,On-Campus,Scholarship,Partial,12.22
V-1291,2023-06-24,Rutgers,08901,NJ,Undergraduate,Off-Campus,Scholarship,None,12.65
V-1292,2024-05-05,UC Irvine,92697,CA,Undergraduate,Off-Campus,Pell Grant,None,23.65
V-1293,2022-04-02,UC Irvine,92697,CA,Undergraduate,Off-Campus,Scholarship,None,20.28
V-1294,2023-09-30,Michigan State,48824,MI,Undergraduate,Off-Campus,Pell Grant,None,12.74
V-1295,2022-10-10,UW Seattle,98195,WA,Undergraduate,Off-Campus,Pell Grant,None,10.21
V-1296,2023-01-11,Ohio State,43210,OH,Undergraduate,On-Campus,Scholarship,None,12.59
V-1297,2023-04-29,Michigan State,48824,MI,Undergraduate,Off-Campus,None,Partial,13.43
V-1298,2022-04-14,UW Seattle,98195,WA,Undergraduate,Off-Campus,Pell Grant,None,9.27
V-1299,2022-12-13,Georgia Tech,30332,GA,Undergraduate,Off-Campus,None,Full,15.43
V-1300,2023-02-07,Georgia Tech,30332,GA,Graduate,On-Campus,Scholarship,None,19.89
V-1301,2021-07-23,Ohio State,43210,OH,Undergraduate,Off-Campus,Pell Grant,None,11.62
V-1302,2021-01-26,UMass Amherst,01003,MA,Graduate,On-Campus,Pell Grant,Partial,16.45
V-1303,2023-07-06,UC Irvine,92697,CA,Undergraduate,Off-Campus,Pell Grant,Partial,17.85
V-1304,2023-09-20,Arizona State,85281,AZ,Graduate,Off-Campus,None,Partial,18.08
V-1305,2022-09-24,Georgia Tech,30332,GA,Undergraduate,Off-Campus,Pell Grant,None,23.92
V-1306,2022-07-06,Michigan State,48824,MI,Graduate,Off-Campus,Scholarship,None,20.69
V-1307,2021-10-23,UW Seattle,98195,WA,Undergraduate,On-Campus,Scholarship,Partial,13.81
V-1308,2021-02-04,Georgia Tech,30332,GA,Undergraduate,Off-Campus,Pell Grant,None,14.83
V-1309,2023-12-23,UC Irvine,92697,CA,Undergraduate,Off-Campus,None,None,21.5
V-1310,2021-08-03,UC Irvine,92697,CA,Graduate,On-Campus,Pell Grant,Partial,16.89
V-1311,2021-09-20,Texas A&M,77843,TX,Undergraduate,Off-Campus,Scholarship,None,15.73
V-1312,2021-09-21,UC Irvine,92697,CA,Undergraduate,On-Campus,Scholarship,None,15.55
V-1313,2023-01-28,Rutgers,08901,NJ,Undergraduate,On-Campus,Scholarship,None,18.6
V-1314,2022-07-19,Georgia Tech,30332,GA,Undergraduate,Off-Campus,Pell Grant,None,12.96
V-1315,2023-11-22,UMass Amherst,01003,MA,Undergraduate,On-Campus,Scholarship,None,18.9
V-1316,2022-10-26,Arizona State,85281,AZ,Undergraduate,Off-Campus,Scholarship,None,11.55
V-1317,2022-05-02,UF Gainesville,32611,FL,Undergraduate,Off-Campus,Pell Grant,None,4.95
V-1318,2023-09-08,Michigan State,48824,MI,Undergraduate,On-Campus,Scholarship,Partial,8.63
V-1319,2024-03-14,Michigan State,48824,MI,Undergraduate,Off-Campus,None,None,15.43
V-1320,2022-08-20,Michigan State,48824,MI,Undergraduate,Off-Campus,Pell Grant,Partial,17.68
V-1321,2023-05-12,Texas A&M,77843,TX,Undergraduate,Off-Campus,Pell Grant,Partial,15.07
V-1322,2021-06-15,Texas A&M,77843,TX,Undergraduate,On-Campus,Pell Grant,Partial,13.82
V-1323,2022-06-18,Georgia Tech,30332,GA,Undergraduate,Off-Campus,Pell Grant,None,16.25
V-1324,2021-08-02,UMass Amherst,01003,MA,Undergraduate,Off-Campus,None,None,15.31
V-1325,2023-02-08,Arizona State,85281,AZ,Undergraduate,Off-Campus,Scholarship,None,19.47
V-1326,2024-03-05,Georgia Tech,30332,GA,Graduate,Off-Campus,Pell Grant,Partial,19.39
V-1327,2022-05-17,UW Seattle,98195,WA,Undergraduate,Off-Campus,Scholarship,None,15.52
V-1328,2022-02-13,UC Irvine,92697,CA,Undergraduate,Off-Campus,Pell Grant,Partial,19.74
V-1329,2024-02-08,UF Gainesville,32611,FL,Graduate,Off-Campus,None,None,22.89
V-1330,2022-06-27,UMass Amherst,01003,MA,Undergraduate,On-Campus,None,Partial,19.14
V-1331,2021-08-24,Rutgers,08901,NJ,Graduate,Off-Campus,Pell Grant,Partial,17.54
V-1332,2022-01-13,Texas A&M,77843,TX,Undergraduate,On-Campus,Pell Grant,None,17.48
V-1333,2023-05-29,Rutgers,08901,NJ,Graduate,On-Campus,None,Full,24.62
V-1334,2023-07-18,Rutgers,08901,NJ,Undergraduate,On-Campus,Scholarship,None,8.31
V-1335,2022-07-02,UC Irvine,92697,CA,Graduate,Off-Campus,Pell Grant,Partial,21.12
V-1336,2021-10-24,Georgia Tech,30332,GA,Undergraduate,On-Campus,None,None,14.13
V-1337,2022-09-10,UC Irvine,92697,CA,Undergraduate,On-Campus,Pell Grant,None,17.5
V-1338,2022-11-22,Texas A&M,77843,TX,Graduate,Off-Campus,None,None,21.04
V-1339,2023-04-29,Arizona State,85281,AZ,Undergraduate,On-Campus,Pell Grant,None,25.24
V-1340,2020-07-28,Georgia Tech,30332,GA,Undergraduate,On-Campus,Pell Grant,Partial,19.59
V-1341,2024-04-22,Arizona State,85281,AZ,Graduate,Off-Campus,Pell Grant,None,23.81
V-1342,2023-07-30,Ohio State,43210,OH,Undergraduate,Off-Campus,None,Partial,15.86
V-1343,2023-04-25,UW Seattle,98195,WA,Undergraduate,Off-Campus,None,None,10.09
V-1344,2022-10-08,Arizona State,85281,AZ,Undergraduate,Off-Campus,None,Partial,14.95
V-1345,2024-04-28,UC Irvine,92697,CA,Undergraduate,On-Campus,Pell Grant,None,15.86
V-1346,2022-11-09,UMass Amherst,01003,MA,Graduate,Off-Campus,None,None,30.44
V-1347,2022-09-08,Ohio State,43210,OH,Undergraduate,Off-Campus,Pell Grant,None,16.25
V-1348,2020-12-29,UF Gainesville,32611,FL,Undergraduate,Off-Campus,Pell Grant,Partial,17.08
V-1349,2020-04-15,UW Seattle,98195,WA,Undergraduate,On-Campus,None,None,9.9
V-1350,2022-06-16,Michigan State,48824,MI,Graduate,Off-Campus,None,Partial,23.38
V-1351,2024-04-18,Texas A&M,77843,TX,Undergraduate,On-Campus,Pell Grant,None,6.16
V-1352,2022-07-03,Texas A&M,77843,TX,Undergraduate,Off-Campus,None,None,19.08
V-1353,2022-11-10,UW Seattle,98195,WA,Undergraduate,On-Campus,None,Partial,11.01
V-1354,2022-01-06,Rutgers,08901,NJ,Graduate,Off-Campus,Pell Grant,Partial,15.11
V-1355,2021-10-14,UW Seattle,98195,WA,Undergraduate,Off-Campus,Pell Grant,None,12.83
V-1356,2023-01-01,Ohio State,43210,OH,Undergraduate,Off-Campus,None,None,17.62
V-1357,2022-07-24,UC Irvine,92697,CA,Graduate,Off-Campus,Pell Grant,None,19.42
V-1358,2023-03-29,Rutgers,08901,NJ,Undergraduate,Off-Campus,None,None,10.52
V-1359,2024-07-14,Rutgers,08901,NJ,Undergraduate,Off-Campus,Pell Grant,None,17.7
V-1360,2021-08-22,Rutgers,08901,NJ,Undergraduate,Off-Campus,Scholarship,Full,10.12
V-1361,2024-12-05,Texas A&M,77843,TX,Undergraduate,Off-Campus,Scholarship,None,15.29
V-1362,2023-01-06,Georgia Tech,30332,GA,Undergraduate,Off-Campus,None,Full,11.7
V-1363,2023-09-10,UF Gainesville,32611,FL,Undergraduate,Off-Campus,None,None,15.55
V-1364,2021-12-12,Texas A&M,77843,TX,Undergraduate,Off-Campus,Pell Grant,None,13.1
V-1365,2021-11-09,UMass Amherst,01003,MA,Undergraduate,Off-Campus,Scholarship,Partial,14.11
V-1366,2020-10-24,UF Gainesville,32611,FL,Undergraduate,Off-Campus,None,None,22.93
V-1367,2021-02-02,Georgia Tech,30332,GA,Undergraduate,Off-Campus,Pell Grant,None,8.44
V-1368,2023-10-07,UMass Amherst,01003,MA,Graduate,On-Campus,Pell Grant,None,26.57
V-1369,2022-10-28,Arizona State,85281,AZ,Undergraduate,Off-Campus,None,None,3.62
V-1370,2022-09-10,UMass Amherst,01003,MA,Undergraduate,Off-Campus,Scholarship,None,9.44
V-1371,2021-10-24,Georgia Tech,30332,GA,Undergraduate,On-Campus,None,Partial,14.27
V-1372,2024-01-18,UMass Amherst,01003,MA,Undergraduate,On-Campus,Pell Grant,None,14.64
V-1373,2022-03-19,UW Seattle,98195,WA,Undergraduate,On-Campus,Scholarship,Partial,15.88
V-1374,2023-05-31,Georgia Tech,30332,GA,Undergraduate,On-Campus,None,Full,13.28
V-1375,2021-09-05,Texas A&M,77843,TX,Undergraduate,Off-Campus,None,None,13.07
V-1376,2023-08-07,UF Gainesville,32611,FL,Undergraduate,Off-Campus,Pell Grant,Partial,14.52
V-1377,2022-01-01,Michigan State,48824,MI,Graduate,Off-Campus,Scholarship,None,19.72
V-1378,2022-01-16,UC Irvine,92697,CA,Undergraduate,Off-Campus,Scholarship,None,14.03
V-1379,2021-10-18,UC Irvine,92697,CA,Graduate,Off-Campus,Pell Grant,None,18.92
V-1380,2023-06-09,UMass Amherst,01003,MA,Undergraduate,Off-Campus,Scholarship,None,13.35
V-1381,2022-02-05,Ohio State,43210,OH,Undergraduate,On-Campus,None,None,12.76
V-1382,2023-08-13,Texas A&M,77843,TX,Undergraduate,Off-Campus,Pell Grant,Partial,15.83
V-1383,2022-09-06,Texas A&M,77843,TX,Undergraduate,Off-Campus,Pell Grant,None,15.16
V-1384,2023-06-23,Ohio State,43210,OH,Undergraduate,Off-Campus,Pell Grant,None,12.15
V-1385,2024-03-09,Arizona State,85281,AZ,Undergraduate,Off-Campus,Pell Grant,Full,11.6
V-1386,2020-06-26,Texas A&M,77843,TX,Undergraduate,Off-Campus,Pell Grant,None,5.71
V-1387,2024-03-03,Arizona State,85281,AZ,Undergraduate,On-Campus,None,None,22.4
V-1388,2023-11-23,Rutgers,08901,NJ,Undergraduate,On-Campus,Pell Grant,None,10.15
V-1389,2022-08-15,Michigan State,48824,MI,Graduate,Off-Campus,Scholarship,None,16.83
V-1390,2023-04-08,UMass Amherst,01003,MA,Undergraduate,Off-Campus,Pell Grant,None,17.64
V-1391,2022-09-21,UF Gainesville,32611,FL,Undergraduate,On-Campus,Scholarship,Partial,8.53
V-1392,2023-02-28,Rutgers,08901,NJ,Undergraduate,Off-Campus,None,None,7.52
V-1393,2024-06-14,UF Gainesville,32611,FL,Undergraduate,Off-Campus,Pell Grant,None,13.38
V-1394,2023-09-24,UW Seattle,98195,WA,Undergraduate,Off-Campus,None,Full,18.87
V-1395,2023-11-02,UC Irvine,92697,CA,Undergraduate,Off-Campus,None,Partial,14.95
V-1396,2022-10-10,Texas A&M,77843,TX,Undergraduate,Off-Campus,Pell Grant,Partial,22.84
V-1397,2022-02-27,Rutgers,08901,NJ,Undergraduate,Off-Campus,None,None,16.42
V-1398,2021-08-02,Texas A&M,77843,TX,Undergraduate,Off-Campus,Pell Grant,Full,8.12
V-1399,2022-03-21,UMass Amherst,01003,MA,Undergraduate,Off-Campus,Pell Grant,None,14.18
V-1400,2020-07-29,Rutgers,08901,NJ,Undergraduate,On-Campus,Pell Grant,None,5.94
V-1401,2023-03-02,UC Irvine,92697,CA,Undergraduate,Off-Campus,Scholarship,None,16.74
V-1402,2023-06-07,Arizona State,85281,AZ,Undergraduate,On-Campus,Scholarship,None,12.87
V-1403,2020-06-11,Arizona State,85281,AZ,Graduate,Off-Campus,None,None,20.46
V-1404,2021-07-28,Arizona State,85281,AZ,Undergraduate,Off-Campus,Pell Grant,None,19.74
V-1405,2023-06-21,Ohio State,43210,OH,Undergraduate,On-Campus,None,Partial,21.06
V-1406,2021-10-12,UF Gainesville,32611,FL,Undergraduate,Off-Campus,None,None,12.79
V-1407,2022-08-19,UW Seattle,98195,WA,Undergraduate,Off-Campus,Pell Grant,Partial,17.33
V-1408,2023-01-24,Texas A&M,77843,TX,Undergraduate,On-Campus,None,None,13.06
V-1409,2023-04-21,Arizona State,85281,AZ,Undergraduate,Off-Campus,None,None,15.44
V-1410,2022-02-08,Michigan State,48824,MI,Undergraduate,On-Campus,Scholarship,None,7.59
V-1411,2022-07-15,UC Irvine,92697,CA,Undergraduate,On-Campus,Scholarship,None,10.84
V-1412,2023-08-10,UC Irvine,92697,CA,Graduate,On-Campus,None,Partial,23.18
V-1413,2022-12-07,Rutgers,08901,NJ,Undergraduate,Off-Campus,Pell Grant,None,7.33
V-1414,2023-06-19,UMass Amherst,01003,MA,Undergraduate,Off-Campus,None,None,15.15
V-1415,2021-12-21,UMass Amherst,01003,MA,Graduate,On-Campus,None,None,20.29
V-1416,2020-10-01,Arizona State,85281,AZ,Undergraduate,Off-Campus,Scholarship,Partial,15.03
V-1417,2020-12-18,Arizona State,85281,AZ,Undergraduate,Off-Campus,Pell Grant,None,6.69
V-1418,2022-12-30,Arizona State,85281,AZ,Undergraduate,On-Campus,Pell Grant,Partial,7.64
V-1419,2023-10-02,Texas A&M,77843,TX,Graduate,Off-Campus,None,None,24.95
V-1420,2021-05-22,UW Seattle,98195,WA,Undergraduate,Off-Campus,Pell Grant,Partial,13.83
V-1421,2022-12-29,Michigan State,48824,MI,Undergraduate,Off-Campus,None,Full,13.06
V-1422,2023-07-13,UF Gainesville,32611,FL,Undergraduate,On-Campus,Pell Grant,None,8.59
V-1423,2023-11-25,Michigan State,48824,MI,Undergraduate,On-Campus,None,None,13.52
V-1424,2023-11-02,Georgia Tech,30332,GA,Graduate,On-Campus,None,Partial,16.72
V-1425,2023-04-08,UF Gainesville,32611,FL,Graduate,Off-Campus,None,Partial,24.33
V-1426,2022-07-22,Georgia Tech,30332,GA,Undergraduate,Off-Campus,Pell Grant,None,8.77
V-1427,2023-02-17,UF Gainesville,32611,FL,Undergraduate,Off-Campus,None,Partial,13.6
V-1428,2024-02-03,Ohio State,43210,OH,Undergraduate,Off-Campus,Pell Grant,None,18.54
V-1429,2023-06-15,Georgia Tech,30332,GA,Undergraduate,Off-Campus,Pell Grant,Partial,17.24
V-1430,2023-07-16,UC Irvine,92697,CA,Undergraduate,Off-Campus,Scholarship,Partial,13.02
V-1431,2022-12-22,Rutgers,08901,NJ,Undergraduate,Off-Campus,Pell Grant,Partial,16.91
V-1432,2021-12-31,Arizona State,85281,AZ,Graduate,Off-Campus,Scholarship,None,22.87
V-1433,2020-10-13,Ohio State,43210,OH,Undergraduate,On-Campus,None,None,13.16
V-1434,2023-07-21,Georgia Tech,30332,GA,Undergraduate,Off-Campus,None,Partial,16.63
V-1435,2024-08-10,UW Seattle,98195,WA,Undergraduate,Off-Campus,None,None,14.84
V-1436,2024-06-04,UC Irvine,92697,CA,Graduate,Off-Campus,None,Full,26.06
V-1437,2023-12-26,UC Irvine,92697,CA,Undergraduate,Off-Campus,Pell Grant,None,14.87
V-1438,2022-05-27,Texas A&M,77843,TX,Undergraduate,On-Campus,Pell Grant,Partial,8.3
V-1439,2021-06-23,Rutgers,08901,NJ,Undergraduate,Off-Campus,Pell Grant,Full,15.19
V-1440,2021-03-06,Arizona State,85281,AZ,Graduate,On-Campus,Pell Grant,Partial,14.77
V-1441,2023-08-16,UC Irvine,92697,CA,Graduate,Off-Campus,Pell Grant,None,26.01
V-1442,2021-02-01,Texas A&M,77843,TX,Undergraduate,On-Campus,Scholarship,Partial,14.52
V-1443,2023-10-23,UW Seattle,98195,WA,Undergraduate,On-Campus,Pell Grant,None,7.33
V-1444,2022-05-27,Arizona State,85281,AZ,Undergraduate,Off-Campus,Scholarship,None,17.39
V-1445,2023-05-04,Michigan State,48824,MI,Undergraduate,Off-Campus,None,None,15.8
V-1446,2022-01-19,Arizona State,85281,AZ,Undergraduate,Off-Campus,Pell Grant,None,16.5
V-1447,2023-11-01,Michigan State,48824,MI,Undergraduate,Off-Campus,Pell Grant,None,15.26
V-1448,2024-12-15,Michigan State,48824,MI,Graduate,Off-Campus,None,Partial,26.86
V-1449,2022-09-12,Rutgers,08901,NJ,Graduate,Off-Campus,Scholarship,Full,17.43
V-1450,2022-12-12,UW Seattle,98195,WA,Undergraduate,Off-Campus,Scholarship,None,18.04
V-1451,2024-09-24,UF Gainesville,32611,FL,Undergraduate,Off-Campus,None,None,17.04
V-1452,2023-09-29,Michigan State,48824,MI,Graduate,On-Campus,Pell Grant,None,14.27
V-1453,2023-08-28,UW Seattle,98195,WA,Graduate,Off-Campus,None,Partial,13.89
V-1454,2022-01-29,Michigan State,48824,MI,Undergraduate,Off-Campus,None,Full,12.46
V-1455,2022-04-12,Michigan State,48824,MI,Undergraduate,Off-Campus,None,None,10.6
V-1456,2022-04-25,Ohio State,43210,OH,Undergraduate,On-Campus,Pell Grant,None,6.12
V-1457,2023-07-04,Ohio State,43210,OH,Undergraduate,Off-Campus,Pell Grant,Partial,9.98
V-1458,2021-12-26,Arizona State,85281,AZ,Undergraduate,On-Campus,Pell Grant,None,12.93
V-1459,2024-02-12,Michigan State,48824,MI,Undergraduate,On-Campus,Pell Grant,None,11.99
V-1460,2024-06-05,Arizona State,85281,AZ,Undergraduate,Off-Campus,Scholarship,Full,24.78
V-1461,2021-09-26,Ohio State,43210,OH,Undergraduate,Off-Campus,Scholarship,Full,10.73
V-1462,2024-10-27,UW Seattle,98195,WA,Undergraduate,Off-Campus,Pell Grant,Full,20.53
V-1463,2023-01-17,Michigan State,48824,MI,Undergraduate,Off-Campus,None,None,20.92
V-1464,2022-01-16,Arizona State,85281,AZ,Graduate,Off-Campus,Scholarship,None,17.56
V-1465,2021-11-01,UF Gainesville,32611,FL,Undergraduate,Off-Campus,Scholarship,Partial,11.07
V-1466,2023-10-11,UMass Amherst,01003,MA,Undergraduate,On-Campus,Scholarship,Partial,13.04
V-1467,2024-08-05,UMass Amherst,01003,MA,Undergraduate,Off-Campus,Scholarship,Partial,15.01
V-1468,2024-02-19,Georgia Tech,30332,GA,Undergraduate,Off-Campus,Scholarship,Partial,13.82
V-1469,2023-09-18,Arizona State,85281,AZ,Undergraduate,Off-Campus,Pell Grant,None,10.28
V-1470,2023-07-20,Ohio State,43210,OH,Undergraduate,Off-Campus,None,None,16.22
V-1471,2022-01-06,UMass Amherst,01003,MA,Undergraduate,Off-Campus,None,Partial,12.11
V-1472,2022-01-05,Arizona State,85281,AZ,Undergraduate,Off-Campus,Pell Grant,None,23.04
V-1473,2023-03-29,Rutgers,08901,NJ,Undergraduate,Off-Campus,Pell Grant,Partial,18.34
V-1474,2021-04-14,Ohio State,43210,OH,Undergraduate,On-Campus,Pell Grant,None,11.58
V-1475,2021-07-13,UW Seattle,98195,WA,Undergraduate,On-Campus,None,None,15.56
V-1476,2024-02-26,UMass Amherst,01003,MA,Undergraduate,Off-Campus,Scholarship,None,17.5
V-1477,2023-02-27,Georgia Tech,30332,GA,Undergraduate,On-Campus,Pell Grant,Partial,18.86
V-1478,2021-04-03,Arizona State,85281,AZ,Undergraduate,Off-Campus,Scholarship,None,6.01
V-1479,2022-03-02,Arizona State,85281,AZ,Undergraduate,Off-Campus,None,None,8.7
V-1480,2023-08-15,UC Irvine,92697,CA,Undergraduate,Off-Campus,Pell Grant,None,11.53
V-1481,2021-12-30,Michigan State,48824,MI,Undergraduate,On-Campus,Scholarship,None,13.56
V-1482,2023-07-08,Rutgers,08901,NJ,Undergraduate,On-Campus,None,None,2.0
V-1483,2023-04-10,Ohio State,43210,OH,Undergraduate,Off-Campus,Pell Grant,Full,11.14
V-1484,2023-12-02,UW Seattle,98195,WA,Undergraduate,Off-Campus,Pell Grant,None,20.43
V-1485,2023-03-14,Ohio State,43210,OH,Undergraduate,Off-Campus,None,None,10.03
V-1486,2022-03-13,Ohio State,43210,OH,Graduate,Off-Campus,Pell Grant,Partial,20.72
V-1487,2023-06-14,Michigan State,48824,MI,Undergraduate,On-Campus,None,Partial,15.98
V-1488,2024-01-03,Georgia Tech,30332,GA,Undergraduate,Off-Campus,Pell Grant,Partial,16.83
V-1489,2023-12-17,Georgia Tech,30332,GA,Undergraduate,Off-Campus,Pell Grant,None,18.03
V-1490,2023-07-21,Ohio State,43210,OH,Graduate,Off-Campus,Pell Grant,Partial,24.88
V-1491,2023-09-13,UF Gainesville,32611,FL,Undergraduate,Off-Campus,Pell Grant,Partial,21.09
V-1492,2021-09-10,Georgia Tech,30332,GA,Undergraduate,On-Campus,Pell Grant,Partial,11.87
V-1493,2023-09-03,Arizona State,85281,AZ,Undergraduate,Off-Campus,None,None,11.6
V-1494,2021-09-14,Arizona State,85281,AZ,Undergraduate,Off-Campus,None,Partial,15.04
V-1495,2023-01-11,Michigan State,48824,MI,Undergraduate,Off-Campus,None,None,16.03
V-1496,2020-05-04,UF Gainesville,32611,FL,Undergraduate,Off-Campus,Pell Grant,None,15.54
V-1497,2024-09-13,Ohio State,43210,OH,Undergraduate,Off-Campus,Pell Grant,None,9.81
V-1498,2023-05-19,Georgia Tech,30332,GA,Undergraduate,Off-Campus,None,None,17.72
V-1499,2023-02-15,Rutgers,08901,NJ,Undergraduate,Off-Campus,Pell Grant,Partial,9.1
V-1500,2023-10-11,Michigan State,48824,MI,Undergraduate,On-Campus,Pell Grant,None,16.09
V-1501,2023-02-17,Texas A&M,77843,TX,Undergraduate,Off-Campus,Pell Grant,None,12.9
V-1502,2024-07-19,Texas A&M,77843,TX,Undergraduate,Off-Campus,Pell Grant,Partial,20.48
V-1503,2024-05-10,Georgia Tech,30332,GA,Undergraduate,Off-Campus,None,None,9.72
V-1504,2021-05-12,UF Gainesville,32611,FL,Undergraduate,Off-Campus,None,None,13.79
V-1505,2021-02-08,Georgia Tech,30332,GA,Undergraduate,Off-Campus,None,None,14.52
V-1506,2022-05-02,UC Irvine,92697,CA,Undergraduate,Off-Campus,Scholarship,Full,12.42
V-1507,2023-03-31,UMass Amherst,01003,MA,Undergraduate,On-Campus,Pell Grant,None,15.3
V-1508,2022-07-02,UW Seattle,98195,WA,Undergraduate,Off-Campus,Pell Grant,Partial,12.08
V-1509,2024-02-01,Ohio State,43210,OH,Undergraduate,Off-Campus,None,None,15.78
V-1510,2024-08-18,UF Gainesville,32611,FL,Undergraduate,Off-Campus,Scholarship,None,17.17
V-1511,2020-08-31,UMass Amherst,01003,MA,Graduate,Off-Campus,Scholarship,Partial,16.43
V-1512,2020-08-19,Michigan State,48824,MI,Undergraduate,Off-Campus,None,None,11.98
V-1513,2023-10-01,Rutgers,08901,NJ,Undergraduate,Off-Campus,None,None,6.86
V-1514,2023-07-08,Rutgers,08901,NJ,Undergraduate,On-Campus,Scholarship,Partial,8.01
V-1515,2024-12-07,Ohio State,43210,OH,Graduate,Off-Campus,Pell Grant,Partial,20.32
V-1516,2022-10-11,UMass Amherst,01003,MA,Graduate,On-Campus,Pell Grant,None,15.3
V-1517,2023-10-28,Michigan State,48824,MI,Undergraduate,On-Campus,None,None,14.35
V-1518,2023-07-18,UMass Amherst,01003,MA,Undergraduate,Off-Campus,Scholarship,None,19.32
V-1519,2022-03-23,Ohio State,43210,OH,Undergraduate,Off-Campus,None,None,19.02
V-1520,2024-06-19,Rutgers,08901,NJ,Undergraduate,Off-Campus,Pell Grant,Partial,14.69
V-1521,2024-06-03,Michigan State,48824,MI,Graduate,Off-Campus,None,None,16.95
V-1522,2022-10-03,Georgia Tech,30332,GA,Undergraduate,Off-Campus,Pell Grant,Full,9.3
V-1523,2022-03-24,Michigan State,48824,MI,Undergraduate,Off-Campus,Pell Grant,None,20.42
V-1524,2024-09-24,Michigan State,48824,MI,Graduate,Off-Campus,Pell Grant,None,25.38
V-1525,2022-01-15,Georgia Tech,30332,GA,Undergraduate,On-Campus,None,Partial,12.81
V-1526,2021-12-18,Rutgers,08901,NJ,Undergraduate,Off-Campus,None,None,13.87
V-1527,2022-08-01,UC Irvine,92697,CA,Undergraduate,On-Campus,None,None,13.15
V-1528,2024-01-22,Texas A&M,77843,TX,Undergraduate,Off-Campus,Scholarship,None,17.27
V-1529,2021-10-31,Texas A&M,77843,TX,Graduate,Off-Campus,Pell Grant,None,19.35
V-1530,2024-01-28,Michigan State,48824,MI,Graduate,Off-Campus,Pell Grant,Partial,24.09
V-1531,2023-12-27,Texas A&M,77843,TX,Undergraduate,On-Campus,Pell Grant,None,18.08
V-1532,2023-09-21,Arizona State,85281,AZ,Undergraduate,Off-Campus,None,Full,11.2
V-1533,2020-10-07,Texas A&M,77843,TX,Undergraduate,Off-Campus,Pell Grant,None,13.91
V-1534,2024-04-19,Ohio State,43210,OH,Undergraduate,Off-Campus,None,None,20.44
V-1535,2022-12-14,Michigan State,48824,MI,Undergraduate,On-Campus,Scholarship,None,16.33
V-1536,2021-06-16,Ohio State,43210,OH,Undergraduate,Off-Campus,Scholarship,None,14.67
V-1537,2022-10-16,Texas A&M,77843,TX,Undergraduate,Off-Campus,Pell Grant,Full,11.2
V-1538,2021-11-26,Rutgers,08901,NJ,Undergraduate,Off-Campus,Pell Grant,None,10.56
V-1539,2023-03-31,Texas A&M,77843,TX,Undergraduate,Off-Campus,Pell Grant,None,14.54
V-1540,2022-03-16,Michigan State,48824,MI,Undergraduate,On-Campus,Scholarship,None,11.23
V-1541,2022-11-14,Arizona State,85281,AZ,Undergraduate,Off-Campus,Scholarship,Partial,18.28
V-1542,2020-06-16,UW Seattle,98195,WA,Graduate,Off-Campus,None,Partial,17.67
V-1543,2022-12-12,UC Irvine,92697,CA,Undergraduate,Off-Campus,Pell Grant,Partial,11.61
V-1544,2023-04-18,UW Seattle,98195,WA,Undergraduate,On-Campus,Pell Grant,None,18.73
V-1545,2024-01-16,UF Gainesville,32611,FL,Undergraduate,Off-Campus,Scholarship,None,10.86
V-1546,2023-10-11,UW Seattle,98195,WA,Undergraduate,Off-Campus,Scholarship,Partial,14.93
V-1547,2021-05-18,Arizona State,85281,AZ,Undergraduate,Off-Campus,Pell Grant,Partial,10.82
V-1548,2022-02-03,Georgia Tech,30332,GA,Undergraduate,Off-Campus,None,Full,23.28
V-1549,2023-07-26,UMass Amherst,01003,MA,Undergraduate,On-Campus,None,None,14.76
V-1550,2023-03-08,UMass Amherst,01003,MA,Undergraduate,Off-Campus,Pell Grant,None,11.04
V-1551,2022-07-08,Michigan State,48824,MI,Undergraduate,Off-Campus,Pell Grant,Partial,14.16
V-1552,2020-10-10,Michigan State,48824,MI,Undergraduate,Off-Campus,Scholarship,None,11.9
V-1553,2021-07-20,Arizona State,85281,AZ,Undergraduate,Off-Campus,None,None,10.31
V-1554,2023-03-16,UMass Amherst,01003,MA,Undergraduate,Off-Campus,None,None,18.52
V-1555,2021-11-26,Michigan State,48824,MI,Undergraduate,Off-Campus,Scholarship,None,16.02
V-1556,2021-09-27,Texas A&M,77843,TX,Undergraduate,On-Campus,None,None,14.49
V-1557,2023-07-29,Ohio State,43210,OH,Undergraduate,Off-Campus,None,None,11.67
V-1558,2020-10-03,Texas A&M,77843,TX,Undergraduate,Off-Campus,None,None,19.85
V-1559,2024-01-31,UC Irvine,92697,CA,Undergraduate,Off-Campus,Pell Grant,None,16.7
V-1560,2023-08-06,Rutgers,08901,NJ,Undergraduate,Off-Campus,Pell Grant,None,12.56
V-1561,2023-11-20,Rutgers,08901,NJ,Graduate,On-Campus,Scholarship,None,25.47
V-1562,2021-03-15,Michigan State,48824,MI,Graduate,On-Campus,Pell Grant,Full,19.42
V-1563,2023-11-23,UF Gainesville,32611,FL,Undergraduate,On-Campus,Pell Grant,None,18.92
V-1564,2022-11-10,UC Irvine,92697,CA,Undergraduate,Off-Campus,None,None,15.89
V-1565,2023-08-23,Ohio State,43210,OH,Graduate,On-Campus,None,Partial,29.65
V-1566,2021-03-19,Rutgers,08901,NJ,Undergraduate,Off-Campus,Pell Grant,None,8.84
V-1567,2023-10-22,UW Seattle,98195,WA,Undergraduate,Off-Campus,None,Full,12.93
V-1568,2023-06-14,UMass Amherst,01003,MA,Undergraduate,Off-Campus,Pell Grant,Full,26.62
V-1569,2023-08-11,Ohio State,43210,OH,Undergraduate,On-Campus,Pell Grant,Partial,14.5
V-1570,2022-01-12,Georgia Tech,30332,GA,Undergraduate,Off-Campus,None,None,9.11
V-1571,2023-07-05,UW Seattle,98195,WA,Undergraduate,Off-Campus,Scholarship,Full,17.06
V-1572,2021-02-21,UF Gainesville,32611,FL,Undergraduate,Off-Campus,Pell Grant,None,17.28
V-1573,2023-08-18,Ohio State,43210,OH,Undergraduate,On-Campus,Pell Grant,None,14.46
V-1574,2023-09-03,Michigan State,48824,MI,Graduate,On-Campus,None,None,13.48
V-1575,2022-08-04,Texas A&M,77843,TX,Graduate,Off-Campus,Scholarship,None,16.47
V-1576,2024-10-09,UW Seattle,98195,WA,Undergraduate,Off-Campus,None,None,9.57
V-1577,2023-08-16,Rutgers,08901,NJ,Undergraduate,On-Campus,Scholarship,None,22.91
V-1578,2022-12-19,Rutgers,08901,NJ,Undergraduate,On-Campus,Pell Grant,Partial,7.84
V-1579,2023-04-10,Ohio State,43210,OH,Undergraduate,Off-Campus,Pell Grant,None,12.33
V-1580,2024-04-04,Georgia Tech,30332,GA,Undergraduate,On-Campus,Scholarship,Partial,17.54
V-1581,2023-05-19,Rutgers,08901,NJ,Undergraduate,On-Campus,Scholarship,None,9.69
V-1582,2023-08-24,Michigan State,48824,MI,Undergraduate,Off-Campus,None,Partial,16.52
V-1583,2024-03-30,UMass Amherst,01003,MA,Undergraduate,Off-Campus,Scholarship,None,12.65
V-1584,2021-10-20,Rutgers,08901,NJ,Undergraduate,On-Campus,None,Partial,14.74
V-1585,2022-12-26,UF Gainesville,32611,FL,Undergraduate,Off-Campus,Pell Grant,Full,13.22
V-1586,2022-02-11,Texas A&M,77843,TX,Undergraduate,On-Campus,Pell Grant,None,13.07
V-1587,2023-01-19,UF Gainesville,32611,FL,Undergraduate,On-Campus,Scholarship,None,18.69
V-1588,2022-07-20,UC Irvine,92697,CA,Graduate,Off-Campus,None,Partial,15.42
V-1589,2022-08-29,Ohio State,43210,OH,Undergraduate,Off-Campus,None,Full,15.41
V-1590,2024-08-06,Michigan State,48824,MI,Undergraduate,On-Campus,Scholarship,None,18.91
V-1591,2022-06-04,Texas A&M,77843,TX,Undergraduate,On-Campus,None,None,8.96
V-1592,2023-10-04,Georgia Tech,30332,GA,Undergraduate,On-Campus,None,None,8.78
V-1593,2021-02-25,Georgia Tech,30332,GA,Undergraduate,On-Campus,Pell Grant,Partial,11.83
V-1594,2021-10-02,Texas A&M,77843,TX,Undergraduate,On-Campus,Pell Grant,Partial,5.02
V-1595,2023-12-07,Rutgers,08901,NJ,Undergraduate,On-Campus,Pell Grant,None,16.16
V-1596,2022-10-16,UC Irvine,92697,CA,Undergraduate,On-Campus,Pell Grant,None,16.83
V-1597,2023-07-30,UW Seattle,98195,WA,Undergraduate,On-Campus,None,None,9.29
V-1598,2021-09-26,Arizona State,85281,AZ,Undergraduate,Off-Campus,Pell Grant,None,16.78
V-1599,2022-12-06,Rutgers,08901,NJ,Undergraduate,Off-Campus,Pell Grant,Partial,19.24
V-1600,2023-12-26,UF Gainesville,32611,FL,Graduate,On-Campus,None,Partial,22.64
V-1601,2024-01-27,Georgia Tech,30332,GA,Graduate,Off-Campus,None,None,26.45
V-1602,2021-12-05,Michigan State,48824,MI,Undergraduate,On-Campus,Scholarship,None,12.24
V-1603,2021-01-06,UC Irvine,92697,CA,Graduate,Off-Campus,None,None,16.61
V-1604,2023-02-06,Arizona State,85281,AZ,Undergraduate,Off-Campus,None,None,13.96
V-1605,2024-05-14,Rutgers,08901,NJ,Undergraduate,Off-Campus,None,Partial,11.36
V-1606,2022-05-23,Ohio State,43210,OH,Undergraduate,Off-Campus,Pell Grant,None,11.56
V-1607,2021-08-21,Georgia Tech,30332,GA,Undergraduate,Off-Campus,Scholarship,Full,13.35
V-1608,2024-10-05,Rutgers,08901,NJ,Graduate,On-Campus,Pell Grant,Full,22.37
V-1609,2024-01-27,UF Gainesville,32611,FL,Graduate,Off-Campus,Pell Grant,Partial,23.07
V-1610,2022-11-13,Ohio State,43210,OH,Undergraduate,On-Campus,Scholarship,None,5.89
V-1611,2023-06-22,Michigan State,48824,MI,Undergraduate,Off-Campus,None,None,26.53
V-1612,2021-08-03,Arizona State,85281,AZ,Graduate,Off-Campus,Pell Grant,Partial,15.52
V-1613,2023-06-28,Arizona State,85281,AZ,Undergraduate,Off-Campus,None,None,17.37
V-1614,2024-08-07,UW Seattle,98195,WA,Undergraduate,Off-Campus,None,None,16.79
V-1615,2022-10-31,Rutgers,08901,NJ,Undergraduate,Off-Campus,Pell Grant,None,11.66
V-1616,2024-01-27,Texas A&M,77843,TX,Undergraduate,Off-Campus,None,None,17.45
V-1617,2023-12-18,Rutgers,08901,NJ,Graduate,On-Campus,Pell Grant,None,17.5
V-1618,2024-06-05,UF Gainesville,32611,FL,Undergraduate,Off-Campus,Scholarship,None,15.42
V-1619,2023-05-06,Michigan State,48824,MI,Graduate,On-Campus,None,Partial,28.69
V-1620,2024-01-28,Michigan State,48824,MI,Undergraduate,Off-Campus,Pell Grant,None,13.47
V-1621,2024-05-08,UC Irvine,92697,CA,Undergraduate,On-Campus,Scholarship,Full,15.75
V-1622,2023-07-14,Michigan State,48824,MI,Undergraduate,Off-Campus,Scholarship,None,10.52
V-1623,2023-06-15,Texas A&M,77843,TX,Undergraduate,Off-Campus,Pell Grant,Partial,17.44
V-1624,2022-09-02,Michigan State,48824,MI,Undergraduate,Off-Campus,None,None,11.05
V-1625,2023-06-14,UF Gainesville,32611,FL,Undergraduate,On-Campus,Scholarship,None,15.95
V-1626,2025-01-06,Ohio State,43210,OH,Graduate,On-Campus,Scholarship,Partial,26.04
V-1627,2023-10-14,Texas A&M,77843,TX,Undergraduate,Off-Campus,Pell Grant,None,14.02
V-1628,2023-03-15,Rutgers,08901,NJ,Undergraduate,Off-Campus,None,None,16.82
V-1629,2022-09-14,Texas A&M,77843,TX,Undergraduate,Off-Campus,Pell Grant,Full,15.59
V-1630,2022-06-07,UF Gainesville,32611,FL,Undergraduate,Off-Campus,Pell Grant,None,18.13
V-1631,2023-09-23,UMass Amherst,01003,MA,Undergraduate,On-Campus,Scholarship,Partial,17.26
V-1632,2023-10-31,Georgia Tech,30332,GA,Undergraduate,On-Campus,Pell Grant,None,20.23
V-1633,2021-06-22,Rutgers,08901,NJ,Undergraduate,Off-Campus,Scholarship,Partial,12.13
V-1634,2023-02-20,Michigan State,48824,MI,Undergraduate,Off-Campus,Scholarship,None,9.4
V-1635,2023-07-19,UMass Amherst,01003,MA,Graduate,On-Campus,Pell Grant,Partial,14.26
V-1636,2022-08-26,Ohio State,43210,OH,Undergraduate,On-Campus,Scholarship,None,7.91
V-1637,2022-08-07,UMass Amherst,01003,MA,Undergraduate,Off-Campus,Scholarship,None,12.87
V-1638,2022-01-10,Ohio State,43210,OH,Undergraduate,Off-Campus,Pell Grant,None,14.3
V-1639,2023-06-24,UC Irvine,92697,CA,Undergraduate,Off-Campus,None,None,11.98
V-1640,2023-05-07,Georgia Tech,30332,GA,Undergraduate,Off-Campus,Scholarship,Partial,5.68
V-1641,2024-01-20,UC Irvine,92697,CA,Undergraduate,Off-Campus,None,None,12.51
V-1642,2023-01-24,Rutgers,08901,NJ,Graduate,On-Campus,None,None,18.64
V-1643,2022-06-26,Texas A&M,77843,TX,Undergraduate,Off-Campus,None,Partial,13.91
V-1644,2022-08-15,Arizona State,85281,AZ,Undergraduate,On-Campus,None,Partial,19.88
V-1645,2023-02-08,Ohio State,43210,OH,Undergraduate,Off-Campus,None,Full,7.19
V-1646,2023-04-26,Arizona State,85281,AZ,Graduate,Off-Campus,None,None,23.37
V-1647,2023-08-09,UC Irvine,92697,CA,Undergraduate,Off-Campus,Pell Grant,None,17.19
V-1648,2024-06-30,Arizona State,85281,AZ,Graduate,On-Campus,Pell Grant,None,20.59
V-1649,2024-05-01,Michigan State,48824,MI,Undergraduate,Off-Campus,Pell Grant,Partial,17.04
V-1650,2021-01-16,UW Seattle,98195,WA,Undergraduate,Off-Campus,None,Partial,12.08
V-1651,2021-05-09,Rutgers,08901,NJ,Undergraduate,Off-Campus,Scholarship,Partial,15.3
V-1652,2022-12-18,Rutgers,08901,NJ,Graduate,Off-Campus,Pell Grant,Partial,16.89
V-1653,2022-05-11,UF Gainesville,32611,FL,Undergraduate,On-Campus,Pell Grant,Partial,9.95
V-1654,2023-11-06,Ohio State,43210,OH,Undergraduate,Off-Campus,Pell Grant,Partial,7.43
V-1655,2023-04-28,Michigan State,48824,MI,Undergraduate,Off-Campus,Scholarship,Partial,16.25
V-1656,2023-08-08,Ohio State,43210,OH,Undergraduate,On-Campus,Pell Grant,None,12.47
V-1657,2021-06-26,UF Gainesville,32611,FL,Undergraduate,Off-Campus,Pell Grant,None,6.84
V-1658,2021-10-23,Ohio State,43210,OH,Undergraduate,Off-Campus,Pell Grant,Partial,9.57
V-1659,2023-01-30,UW Seattle,98195,WA,Undergraduate,Off-Campus,None,None,16.67
V-1660,2023-08-01,Texas A&M,77843,TX,Undergraduate,On-Campus,None,None,15.51
V-1661,2022-02-25,Georgia Tech,30332,GA,Undergraduate,On-Campus,Pell Grant,Partial,9.97
V-1662,2024-07-19,Georgia Tech,30332,GA,Undergraduate,Off-Campus,Pell Grant,Partial,21.23
V-1663,2023-02-26,Ohio State,43210,OH,Undergraduate,Off-Campus,Pell Grant,None,14.22
V-1664,2020-11-19,UW Seattle,98195,WA,Undergraduate,Off-Campus,Scholarship,None,14.6
V-1665,2023-04-20,Michigan State,48824,MI,Undergraduate,On-Campus,Pell Grant,Partial,15.2
V-1666,2023-11-25,UF Gainesville,32611,FL,Undergraduate,Off-Campus,Pell Grant,None,13.99
V-1667,2021-12-16,Arizona State,85281,AZ,Undergraduate,Off-Campus,None,None,15.17
V-1668,2023-04-29,Georgia Tech,30332,GA,Undergraduate,Off-Campus,Pell Grant,None,19.26
V-1669,2024-03-15,UMass Amherst,01003,MA,Undergraduate,Off-Campus,None,None,14.16
V-1670,2022-07-12,UMass Amherst,01003,MA,Undergraduate,Off-Campus,Pell Grant,Partial,17.01
V-1671,2022-03-25,Georgia Tech,30332,GA,Undergraduate,Off-Campus,Pell Grant,None,10.98
V-1672,2023-11-29,UC Irvine,92697,CA,Undergraduate,Off-Campus,Pell Grant,None,22.41
V-1673,2021-04-25,Rutgers,08901,NJ,Undergraduate,Off-Campus,Pell Grant,Partial,9.74
V-1674,2023-05-12,UMass Amherst,01003,MA,Undergraduate,Off-Campus,None,Partial,23.58
V-1675,2021-09-28,UMass Amherst,01003,MA,Undergraduate,On-Campus,Pell Grant,Partial,8.44
V-1676,2023-08-28,Rutgers,08901,NJ,Undergraduate,Off-Campus,Pell Grant,Partial,13.51
V-1677,2021-04-25,Georgia Tech,30332,GA,Undergraduate,Off-Campus,Pell Grant,None,14.87
V-1678,2020-08-26,UC Irvine,92697,CA,Undergraduate,Off-Campus,None,None,17.42
V-1679,2023-02-22,UF Gainesville,32611,FL,Graduate,Off-Campus,Pell Grant,None,27.01
V-1680,2022-01-18,Ohio State,43210,OH,Graduate,Off-Campus,None,None,25.48
V-1681,2022-12-31,Texas A&M,77843,TX,Undergraduate,On-Campus,Pell Grant,None,7.66
V-1682,2024-10-10,UW Seattle,98195,WA,Undergraduate,Off-Campus,Scholarship,None,17.48
V-1683,2022-09-14,Michigan State,48824,MI,Undergraduate,On-Campus,Scholarship,None,11.07
V-1684,2022-10-13,Ohio State,43210,OH,Undergraduate,Off-Campus,Pell Grant,None,18.13
V-1685,2024-10-27,UC Irvine,92697,CA,Undergraduate,Off-Campus,Pell Grant,None,20.28
V-1686,2021-07-10,UF Gainesville,32611,FL,Undergraduate,Off-Campus,None,Partial,14.43
V-1687,2023-03-27,UC Irvine,92697,CA,Undergraduate,Off-Campus,Scholarship,None,12.45
V-1688,2022-03-24,Rutgers,08901,NJ,Graduate,Off-Campus,None,Partial,15.38
V-1689,2022-07-14,Texas A&M,77843,TX,Undergraduate,Off-Campus,Pell Grant,None,11.18
V-1690,2021-02-13,UC Irvine,92697,CA,Undergraduate,On-Campus,Pell Grant,None,9.86
V-1691,2023-11-03,Texas A&M,77843,TX,Undergraduate,Off-Campus,None,Full,15.21
V-1692,2022-01-21,Arizona State,85281,AZ,Undergraduate,Off-Campus,None,Partial,17.77
V-1693,2023-06-07,UF Gainesville,32611,FL,Undergraduate,Off-Campus,None,None,15.18
V-1694,2023-02-08,UW Seattle,98195,WA,Undergraduate,On-Campus,Pell Grant,None,9.8
V-1695,2023-06-25,Ohio State,43210,OH,Undergraduate,Off-Campus,Scholarship,None,9.85
V-1696,2024-11-14,Michigan State,48824,MI,Undergraduate,Off-Campus,Pell Grant,Partial,18.68
V-1697,2023-08-22,Rutgers,08901,NJ,Undergraduate,Off-Campus,Pell Grant,None,22.7
V-1698,2022-11-25,Georgia Tech,30332,GA,Graduate,Off-Campus,Scholarship,None,20.71
V-1699,2024-07-05,Arizona State,85281,AZ,Undergraduate,On-Campus,Scholarship,None,12.89
V-1700,2021-10-12,UC Irvine,92697,CA,Undergraduate,Off-Campus,Scholarship,Partial,9.46
V-1701,2023-02-11,UC Irvine,92697,CA,Undergraduate,Off-Campus,Pell Grant,None,17.01
V-1702,2021-04-28,Rutgers,08901,NJ,Undergraduate,Off-Campus,Pell Grant,None,19.39
V-1703,2022-07-04,Michigan State,48824,MI,Undergraduate,Off-Campus,Pell Grant,None,12.78
V-1704,2023-06-20,Texas A&M,77843,TX,Undergraduate,On-Campus,Pell Grant,Full,12.64
V-1705,2021-08-29,Michigan State,48824,MI,Undergraduate,Off-Campus,Pell Grant,None,7.7
V-1706,2024-11-03,Michigan State,48824,MI,Undergraduate,Off-Campus,Pell Grant,Partial,16.17
V-1707,2023-12-23,Georgia Tech,30332,GA,Undergraduate,On-Campus,Scholarship,Partial,18.3
V-1708,2023-01-26,UF Gainesville,32611,FL,Undergraduate,Off-Campus,Pell Grant,Partial,11.46
V-1709,2023-09-15,UF Gainesville,32611,FL,Undergraduate,Off-Campus,Pell Grant,Partial,15.87
V-1710,2021-07-09,Michigan State,48824,MI,Undergraduate,Off-Campus,None,None,15.23
V-1711,2023-08-01,Michigan State,48824,MI,Graduate,Off-Campus,Scholarship,None,23.2
V-1712,2020-10-22,UF Gainesville,32611,FL,Undergraduate,Off-Campus,None,Partial,8.36
V-1713,2022-07-21,Texas A&M,77843,TX,Undergraduate,Off-Campus,None,Partial,10.48
V-1714,2021-04-04,Arizona State,85281,AZ,Undergraduate,Off-Campus,Scholarship,None,13.35
V-1715,2022-05-08,Texas A&M,77843,TX,Undergraduate,Off-Campus,Scholarship,Partial,16.71
V-1716,2022-09-05,Rutgers,08901,NJ,Undergraduate,On-Campus,None,Partial,22.77
V-1717,2023-01-20,Michigan State,48824,MI,Undergraduate,Off-Campus,None,Partial,9.92
V-1718,2024-04-17,Georgia Tech,30332,GA,Undergraduate,Off-Campus,Pell Grant,None,16.44
V-1719,2024-01-04,UC Irvine,92697,CA,Graduate,Off-Campus,None,Partial,21.2
V-1720,2021-12-10,Georgia Tech,30332,GA,Undergraduate,Off-Campus,Pell Grant,Partial,11.8
V-1721,2024-02-10,Ohio State,43210,OH,Undergraduate,Off-Campus,None,None,19.96
V-1722,2024-01-27,Texas A&M,77843,TX,Undergraduate,Off-Campus,Pell Grant,None,17.53
V-1723,2022-05-07,Michigan State,48824,MI,Undergraduate,On-Campus,Pell Grant,None,16.28
V-1724,2021-03-17,Rutgers,08901,NJ,Graduate,Off-Campus,Scholarship,None,14.21
V-1725,2023-07-19,UW Seattle,98195,WA,Undergraduate,Off-Campus,None,Full,13.43
V-1726,2022-07-03,UF Gainesville,32611,FL,Undergraduate,Off-Campus,Pell Grant,None,14.21
V-1727,2023-11-29,UW Seattle,98195,WA,Graduate,Off-Campus,Pell Grant,Full,21.81
V-1728,2021-07-19,UW Seattle,98195,WA,Undergraduate,Off-Campus,None,None,23.1
V-1729,2023-09-25,Georgia Tech,30332,GA,Undergraduate,Off-Campus,Pell Grant,Partial,13.79
V-1730,2021-10-11,UW Seattle,98195,WA,Undergraduate,Off-Campus,Pell Grant,Partial,3.32
V-1731,2021-08-17,Rutgers,08901,NJ,Undergraduate,Off-Campus,None,None,13.56
V-1732,2022-07-30,Georgia Tech,30332,GA,Undergraduate,Off-Campus,Scholarship,None,16.09
V-1733,2022-10-18,UW Seattle,98195,WA,Undergraduate,On-Campus,Scholarship,None,14.45
V-1734,2022-05-17,UMass Amherst,01003,MA,Undergraduate,Off-Campus,Pell Grant,None,2.35
V-1735,2021-05-20,Ohio State,43210,OH,Undergraduate,Off-Campus,Scholarship,Partial,14.28
V-1736,2023-05-28,UW Seattle,98195,WA,Undergraduate,Off-Campus,Pell Grant,None,16.88
V-1737,2023-06-06,Georgia Tech,30332,GA,Undergraduate,On-Campus,None,Partial,9.61
V-1738,2021-08-28,UMass Amherst,01003,MA,Graduate,Off-Campus,Pell Grant,Partial,16.57
V-1739,2024-11-19,Georgia Tech,30332,GA,Undergraduate,On-Campus,None,None,15.66
V-1740,2021-01-08,Rutgers,08901,NJ,Undergraduate,On-Campus,Scholarship,None,10.56
V-1741,2021-06-25,UF Gainesville,32611,FL,Graduate,Off-Campus,Scholarship,None,17.54
V-1742,2022-05-05,Rutgers,08901,NJ,Undergraduate,On-Campus,None,None,15.08
V-1743,2021-01-22,UW Seattle,98195,WA,Undergraduate,On-Campus,Pell Grant,None,10.34
V-1744,2023-01-13,Arizona State,85281,AZ,Graduate,Off-Campus,Pell Grant,None,14.29
V-1745,2023-05-12,Texas A&M,77843,TX,Undergraduate,Off-Campus,Scholarship,None,18.34
V-1746,2023-02-01,Rutgers,08901,NJ,Undergraduate,Off-Campus,Pell Grant,None,10.29
V-1747,2024-02-23,Rutgers,08901,NJ,Graduate,Off-Campus,None,Partial,20.48
V-1748,2022-11-07,UMass Amherst,01003,MA,Undergraduate,Off-Campus,Scholarship,None,12.25
V-1749,2022-09-26,UW Seattle,98195,WA,Undergraduate,On-Campus,None,None,9.51
V-1750,2023-12-05,UW Seattle,98195,WA,Undergraduate,Off-Campus,Scholarship,None,18.66
V-1751,2020-06-12,Ohio State,43210,OH,Graduate,Off-Campus,Scholarship,None,21.41
V-1752,2022-09-29,Texas A&M,77843,TX,Undergraduate,Off-Campus,Pell Grant,Partial,12.63
V-1753,2022-03-02,Ohio State,43210,OH,Undergraduate,Off-Campus,Pell Grant,None,13.67
V-1754,2023-09-21,UW Seattle,98195,WA,Undergraduate,On-Campus,None,None,15.41
V-1755,2021-12-21,UC Irvine,92697,CA,Undergraduate,Off-Campus,Scholarship,Full,9.1
V-1756,2020-06-20,Texas A&M,77843,TX,Undergraduate,Off-Campus,Pell Grant,Partial,8.4
V-1757,2023-02-24,UMass Amherst,01003,MA,Undergraduate,On-Campus,Pell Grant,Partial,14.4
V-1758,2022-11-13,Rutgers,08901,NJ,Undergraduate,Off-Campus,None,None,9.52
V-1759,2022-06-04,UW Seattle,98195,WA,Undergraduate,Off-Campus,Pell Grant,None,13.78
V-1760,2023-08-28,UC Irvine,92697,CA,Graduate,Off-Campus,Pell Grant,None,11.72
V-1761,2022-09-02,Ohio State,43210,OH,Undergraduate,Off-Campus,Scholarship,None,12.36
V-1762,2022-11-19,Georgia Tech,30332,GA,Undergraduate,Off-Campus,None,None,15.45
V-1763,2024-06-30,Rutgers,08901,NJ,Graduate,Off-Campus,Pell Grant,None,22.43
V-1764,2023-10-19,UMass Amherst,01003,MA,Graduate,Off-Campus,None,Full,25.61
V-1765,2022-10-24,UW Seattle,98195,WA,Undergraduate,On-Campus,Scholarship,Partial,9.77
V-1766,2022-02-23,Texas A&M,77843,TX,Undergraduate,Off-Campus,Pell Grant,Partial,13.36
V-1767,2023-05-25,Texas A&M,77843,TX,Undergraduate,On-Campus,None,None,18.4
V-1768,2023-06-15,Rutgers,08901,NJ,Undergraduate,Off-Campus,Pell Grant,None,15.87
V-1769,2023-05-02,Michigan State,48824,MI,Undergraduate,Off-Campus,Pell Grant,Partial,17.87
V-1770,2021-02-05,Michigan State,48824,MI,Undergraduate,Off-Campus,Scholarship,None,8.11
V-1771,2023-08-28,Ohio State,43210,OH,Undergraduate,On-Campus,Scholarship,Partial,15.18
V-1772,2023-01-16,UF Gainesville,32611,FL,Undergraduate,Off-Campus,Pell Grant,None,13.52
V-1773,2021-03-28,UC Irvine,92697,CA,Undergraduate,On-Campus,Pell Grant,Partial,13.35
V-1774,2023-08-08,Rutgers,08901,NJ,Undergraduate,On-Campus,Scholarship,None,11.67
V-1775,2022-04-26,Michigan State,48824,MI,Graduate,Off-Campus,Pell Grant,Partial,25.05
V-1776,2022-07-07,Ohio State,43210,OH,Undergraduate,Off-Campus,Pell Grant,None,16.73
V-1777,2021-10-30,UF Gainesville,32611,FL,Graduate,Off-Campus,Scholarship,Full,24.1
V-1778,2021-10-10,UW Seattle,98195,WA,Undergraduate,Off-Campus,Pell Grant,Partial,14.55
V-1779,2023-09-25,UF Gainesville,32611,FL,Undergraduate,Off-Campus,Pell Grant,Partial,12.16
V-1780,2022-03-10,Arizona State,85281,AZ,Undergraduate,Off-Campus,None,None,16.18
V-1781,2022-08-18,Georgia Tech,30332,GA,Undergraduate,Off-Campus,Scholarship,Full,19.35
V-1782,2021-12-05,UMass Amherst,01003,MA,Undergraduate,Off-Campus,Pell Grant,Partial,14.67
V-1783,2023-10-06,Arizona State,85281,AZ,Undergraduate,Off-Campus,Pell Grant,Partial,11.31
V-1784,2023-05-31,Michigan State,48824,MI,Undergraduate,Off-Campus,Pell Grant,None,12.4
V-1785,2024-08-03,Rutgers,08901,NJ,Undergraduate,On-Campus,None,Partial,15.83
V-1786,2023-11-01,UMass Amherst,01003,MA,Undergraduate,Off-Campus,Pell Grant,Full,20.89
V-1787,2023-09-08,Georgia Tech,30332,GA,Undergraduate,Off-Campus,None,Full,22.15
V-1788,2023-11-16,UF Gainesville,32611,FL,Undergraduate,On-Campus,Pell Grant,None,11.69
V-1789,2022-06-22,Texas A&M,77843,TX,Graduate,On-Campus,None,None,21.42
V-1790,2024-05-03,Ohio State,43210,OH,Undergraduate,Off-Campus,Scholarship,None,13.09
V-1791,2022-10-18,UC Irvine,92697,CA,Graduate,On-Campus,Pell Grant,None,15.11
V-1792,2022-10-26,UMass Amherst,01003,MA,Undergraduate,On-Campus,None,None,16.57
V-1793,2022-02-01,UW Seattle,98195,WA,Undergraduate,On-Campus,Scholarship,None,14.26
V-1794,2021-06-25,Michigan State,48824,MI,Graduate,On-Campus,None,None,20.03
V-1795,2023-06-02,UW Seattle,98195,WA,Undergraduate,Off-Campus,Pell Grant,Partial,14.08
V-1796,2022-04-10,Michigan State,48824,MI,Undergraduate,On-Campus,Pell Grant,None,15.04
V-1797,2023-12-29,UF Gainesville,32611,FL,Undergraduate,On-Campus,Pell Grant,None,16.26
V-1798,2024-04-16,Georgia Tech,30332,GA,Undergraduate,Off-Campus,Pell Grant,None,18.78
V-1799,2022-11-20,Rutgers,08901,NJ,Undergraduate,Off-Campus,Pell Grant,None,11.06
V-1800,2023-12-23,UF Gainesville,32611,FL,Undergraduate,Off-Campus,None,None,18.74
V-1801,2023-06-12,Ohio State,43210,OH,Undergraduate,On-Campus,None,None,17.7
V-1802,2021-10-16,Ohio State,43210,OH,Undergraduate,Off-Campus,Pell Grant,Partial,14.74
V-1803,2024-05-21,Michigan State,48824,MI,Undergraduate,Off-Campus,None,Partial,15.63
V-1804,2020-11-18,UMass Amherst,01003,MA,Graduate,Off-Campus,Pell Grant,None,18.33
V-1805,2023-08-17,UW Seattle,98195,WA,Undergraduate,Off-Campus,None,None,14.56
V-1806,2023-11-23,UF Gainesville,32611,FL,Graduate,Off-Campus,Pell Grant,None,21.24
V-1807,2023-12-22,Georgia Tech,30332,GA,Graduate,Off-Campus,Scholarship,Partial,15.21
V-1808,2023-08-24,Rutgers,08901,NJ,Undergraduate,Off-Campus,Pell Grant,None,24.12
V-1809,2023-01-12,Arizona State,85281,AZ,Graduate,Off-Campus,Scholarship,Partial,24.73
V-1810,2022-04-27,Rutgers,08901,NJ,Undergraduate,Off-Campus,None,Partial,21.1
V-1811,2024-02-03,Rutgers,08901,NJ,Undergraduate,Off-Campus,Pell Grant,None,17.77
V-1812,2023-05-24,Georgia Tech,30332,GA,Undergraduate,Off-Campus,Scholarship,None,12.23
V-1813,2022-11-21,UMass Amherst,01003,MA,Graduate,Off-Campus,Scholarship,Partial,22.22
V-1814,2020-05-30,Ohio State,43210,OH,Undergraduate,Off-Campus,None,None,15.64
V-1815,2024-10-30,Ohio State,43210,OH,Undergraduate,On-Campus,None,None,12.16
V-1816,2021-05-04,UMass Amherst,01003,MA,Undergraduate,Off-Campus,Pell Grant,Partial,18.22
V-1817,2021-12-02,Rutgers,08901,NJ,Undergraduate,Off-Campus,None,None,11.85
V-1818,2023-03-03,UF Gainesville,32611,FL,Undergraduate,Off-Campus,Pell Grant,None,17.42
V-1819,2021-11-04,Georgia Tech,30332,GA,Undergraduate,Off-Campus,Scholarship,None,19.26
V-1820,2022-07-15,UF Gainesville,32611,FL,Undergraduate,On-Campus,Pell Grant,Partial,15.14
V-1821,2020-04-22,Ohio State,43210,OH,Undergraduate,Off-Campus,None,None,18.06
V-1822,2023-09-21,Ohio State,43210,OH,Undergraduate,Off-Campus,Pell Grant,None,9.18
V-1823,2021-08-22,Texas A&M,77843,TX,Undergraduate,Off-Campus,Pell Grant,Partial,8.89
V-1824,2022-05-08,Rutgers,08901,NJ,Undergraduate,On-Campus,Pell Grant,Full,10.61
V-1825,2023-08-13,UC Irvine,92697,CA,Undergraduate,On-Campus,None,None,6.52
V-1826,2024-02-22,Rutgers,08901,NJ,Graduate,Off-Campus,None,None,14.52
V-1827,2022-09-25,Michigan State,48824,MI,Undergraduate,On-Campus,Pell Grant,None,20.02
V-1828,2023-07-19,UF Gainesville,32611,FL,Graduate,Off-Campus,Pell Grant,None,25.5
V-1829,2021-04-18,Texas A&M,77843,TX,Undergraduate,Off-Campus,Pell Grant,Partial,10.74
V-1830,2023-04-06,Georgia Tech,30332,GA,Undergraduate,Off-Campus,Scholarship,Partial,23.47
V-1831,2021-01-30,UC Irvine,92697,CA,Undergraduate,On-Campus,None,None,11.68
V-1832,2023-03-29,Texas A&M,77843,TX,Undergraduate,Off-Campus,Scholarship,None,22.04
V-1833,2023-04-21,UW Seattle,98195,WA,Undergraduate,Off-Campus,Scholarship,None,22.19
V-1834,2023-07-01,Rutgers,08901,NJ,Undergraduate,Off-Campus,Scholarship,None,12.3
V-1835,2023-12-02,Arizona State,85281,AZ,Undergraduate,Off-Campus,Pell Grant,Full,18.45
V-1836,2023-01-01,UF Gainesville,32611,FL,Undergraduate,Off-Campus,Pell Grant,None,18.87
V-1837,2023-07-31,Rutgers,08901,NJ,Undergraduate,On-Campus,Scholarship,None,12.27
V-1838,2023-10-21,Michigan State,48824,MI,Undergraduate,On-Campus,None,None,3.95
V-1839,2021-08-19,UC Irvine,92697,CA,Undergraduate,Off-Campus,Scholarship,Full,16.51
V-1840,2022-06-09,Ohio State,43210,OH,Undergraduate,Off-Campus,Scholarship,None,10.58
V-1841,2021-12-30,UMass Amherst,01003,MA,Undergraduate,Off-Campus,Pell Grant,Partial,13.06
V-1842,2023-04-16,Arizona State,85281,AZ,Undergraduate,Off-Campus,Pell Grant,None,15.39
V-1843,2022-10-05,Ohio State,43210,OH,Undergraduate,Off-Campus,Pell Grant,None,16.52
V-1844,2023-05-24,Arizona State,85281,AZ,Undergraduate,Off-Campus,None,None,13.32
V-1845,2022-09-21,Georgia Tech,30332,GA,Undergraduate,Off-Campus,None,Partial,15.23
V-1846,2023-12-20,Ohio State,43210,OH,Undergraduate,Off-Campus,Pell Grant,None,19.97
V-1847,2023-04-06,Arizona State,85281,AZ,Undergraduate,Off-Campus,Scholarship,Full,6.86
V-1848,2021-10-29,Rutgers,08901,NJ,Undergraduate,Off-Campus,Scholarship,Partial,7.82
V-1849,2020-09-08,UC Irvine,92697,CA,Undergraduate,Off-Campus,None,None,7.85
V-1850,2020-08-29,UMass Amherst,01003,MA,Graduate,Off-Campus,Pell Grant,None,16.42
V-1851,2023-01-23,Georgia Tech,30332,GA,Graduate,Off-Campus,Scholarship,None,23.54
V-1852,2022-04-29,UMass Amherst,01003,MA,Undergraduate,On-Campus,None,None,17.99
V-1853,2023-12-23,Rutgers,08901,NJ,Undergraduate,On-Campus,Scholarship,Partial,14.4
V-1854,2021-11-01,Texas A&M,77843,TX,Undergraduate,On-Campus,Pell Grant,Partial,12.7
V-1855,2022-12-15,Arizona State,85281,AZ,Undergraduate,Off-Campus,Pell Grant,None,19.93
V-1856,2021-07-21,Michigan State,48824,MI,Undergraduate,Off-Campus,None,None,14.07
V-1857,2022-12-30,Ohio State,43210,OH,Undergraduate,Off-Campus,Pell Grant,None,12.88
V-1858,2022-10-23,Arizona State,85281,AZ,Undergraduate,Off-Campus,Pell Grant,None,17.85
V-1859,2021-09-11,Michigan State,48824,MI,Undergraduate,Off-Campus,Pell Grant,Partial,16.47
V-1860,2023-04-28,UMass Amherst,01003,MA,Undergraduate,Off-Campus,None,None,16.24
V-1861,2023-06-13,Arizona State,85281,AZ,Graduate,Off-Campus,None,None,18.47
V-1862,2024-07-03,Georgia Tech,30332,GA,Undergraduate,Off-Campus,None,None,11.7
V-1863,2022-02-11,UMass Amherst,01003,MA,Undergraduate,On-Campus,Pell Grant,None,10.12
V-1864,2024-03-25,UF Gainesville,32611,FL,Undergraduate,Off-Campus,Pell Grant,Partial,12.03
V-1865,2023-09-20,UMass Amherst,01003,MA,Graduate,On-Campus,Scholarship,None,17.29
V-1866,2022-11-07,Michigan State,48824,MI,Undergraduate,Off-Campus,Scholarship,Partial,12.18
V-1867,2021-01-23,Rutgers,08901,NJ,Graduate,On-Campus,None,None,18.79
V-1868,2024-03-25,Georgia Tech,30332,GA,Undergraduate,Off-Campus,Scholarship,Partial,15.79
V-1869,2022-09-23,UF Gainesville,32611,FL,Undergraduate,On-Campus,Scholarship,None,9.66
V-1870,2022-07-04,Michigan State,48824,MI,Undergraduate,On-Campus,Scholarship,None,14.99
V-1871,2023-03-08,UC Irvine,92697,CA,Undergraduate,Off-Campus,Pell Grant,Full,14.9
V-1872,2024-05-20,Rutgers,08901,NJ,Undergraduate,Off-Campus,None,None,15.07
V-1873,2022-03-03,UMass Amherst,01003,MA,Undergraduate,Off-Campus,None,None,11.32
V-1874,2023-08-22,UF Gainesville,32611,FL,Undergraduate,Off-Campus,Scholarship,None,10.47
V-1875,2023-03-14,UW Seattle,98195,WA,Undergraduate,On-Campus,Pell Grant,None,16.83
V-1876,2022-11-24,Georgia Tech,30332,GA,Undergraduate,Off-Campus,Pell Grant,None,14.64
V-1877,2022-07-07,UC Irvine,92697,CA,Undergraduate,Off-Campus,Pell Grant,Partial,15.4
V-1878,2021-06-08,UMass Amherst,01003,MA,Graduate,On-Campus,Pell Grant,Partial,17.44
V-1879,2022-02-17,Ohio State,43210,OH,Undergraduate,Off-Campus,Pell Grant,Partial,11.54
V-1880,2024-01-03,Ohio State,43210,OH,Undergraduate,Off-Campus,Pell Grant,None,19.28
V-1881,2021-06-10,Rutgers,08901,NJ,Graduate,Off-Campus,None,None,29.81
V-1882,2024-01-16,UW Seattle,98195,WA,Graduate,Off-Campus,Pell Grant,Partial,20.05
V-1883,2023-07-31,Texas A&M,77843,TX,Undergraduate,Off-Campus,Scholarship,None,15.47
V-1884,2023-02-19,UW Seattle,98195,WA,Undergraduate,Off-Campus,Pell Grant,None,14.18
V-1885,2022-12-17,Rutgers,08901,NJ,Undergraduate,On-Campus,Scholarship,Partial,11.05
V-1886,2021-09-24,UMass Amherst,01003,MA,Undergraduate,Off-Campus,Pell Grant,None,11.59
V-1887,2022-09-23,Ohio State,43210,OH,Undergraduate,Off-Campus,Pell Grant,None,22.22
V-1888,2023-06-07,Arizona State,85281,AZ,Undergraduate,On-Campus,None,None,11.9
V-1889,2023-01-17,Rutgers,08901,NJ,Undergraduate,Off-Campus,Pell Grant,None,14.73
V-1890,2023-11-10,Ohio State,43210,OH,Graduate,Off-Campus,Pell Grant,None,18.5
V-1891,2023-10-18,Arizona State,85281,AZ,Graduate,Off-Campus,Pell Grant,None,20.8
V-1892,2021-11-28,Ohio State,43210,OH,Graduate,Off-Campus,Pell Grant,None,16.69
V-1893,2022-06-11,Michigan State,48824,MI,Undergraduate,On-Campus,Scholarship,Partial,11.91
V-1894,2023-09-17,UMass Amherst,01003,MA,Undergraduate,Off-Campus,Pell Grant,None,9.19
V-1895,2024-02-10,Ohio State,43210,OH,Undergraduate,Off-Campus,Pell Grant,None,15.67
V-1896,2024-02-13,UC Irvine,92697,CA,Undergraduate,On-Campus,Scholarship,Partial,13.85
V-1897,2022-11-09,Michigan State,48824,MI,Graduate,On-Campus,Pell Grant,Full,22.33
V-1898,2024-09-28,Georgia Tech,30332,GA,Undergraduate,Off-Campus,Scholarship,Partial,15.55
V-1899,2024-03-30,Michigan State,48824,MI,Graduate,On-Campus,Pell Grant,Full,18.45
V-1900,2023-02-14,Arizona State,85281,AZ,Undergraduate,Off-Campus,Scholarship,Partial,10.6
V-1901,2023-06-13,Texas A&M,77843,TX,Undergraduate,Off-Campus,Scholarship,Full,14.74
V-1902,2023-11-29,Ohio State,43210,OH,Graduate,Off-Campus,Pell Grant,None,26.37
V-1903,2024-07-23,UW Seattle,98195,WA,Undergraduate,Off-Campus,None,None,13.38
V-1904,2021-12-02,Rutgers,08901,NJ,Undergraduate,Off-Campus,None,None,6.21
V-1905,2023-10-26,UW Seattle,98195,WA,Graduate,Off-Campus,Pell Grant,None,21.86
V-1906,2023-03-26,Georgia Tech,30332,GA,Undergraduate,Off-Campus,Pell Grant,Partial,19.34
V-1907,2022-09-04,UW Seattle,98195,WA,Undergraduate,Off-Campus,None,Partial,16.29
V-1908,2024-04-09,UC Irvine,92697,CA,Undergraduate,Off-Campus,Pell Grant,None,10.54
V-1909,2023-07-20,Arizona State,85281,AZ,Undergraduate,Off-Campus,Pell Grant,None,15.31
V-1910,2023-10-26,UF Gainesville,32611,FL,Undergraduate,Off-Campus,Pell Grant,Partial,18.39
V-1911,2024-03-25,Arizona State,85281,AZ,Undergraduate,Off-Campus,Scholarship,Full,13.68
V-1912,2022-03-28,UW Seattle,98195,WA,Undergraduate,Off-Campus,None,None,11.6
V-1913,2024-03-05,UMass Amherst,01003,MA,Undergraduate,Off-Campus,Pell Grant,Partial,13.28
V-1914,2023-06-10,Michigan State,48824,MI,Undergraduate,On-Campus,Pell Grant,None,13.95
V-1915,2023-05-03,UMass Amherst,01003,MA,Undergraduate,Off-Campus,Pell Grant,Partial,10.02
V-1916,2021-03-24,UW Seattle,98195,WA,Undergraduate,On-Campus,None,Partial,13.75
V-1917,2023-01-09,Georgia Tech,30332,GA,Undergraduate,Off-Campus,Scholarship,Partial,15.38
V-1918,2024-07-30,Ohio State,43210,OH,Undergraduate,Off-Campus,None,None,16.72
V-1919,2023-06-23,UC Irvine,92697,CA,Undergraduate,Off-Campus,None,None,14.6
V-1920,2023-05-22,Arizona State,85281,AZ,Graduate,On-Campus,Pell Grant,Partial,15.96
V-1921,2020-06-23,Arizona State,85281,AZ,Undergraduate,Off-Campus,Scholarship,None,11.36
V-1922,2023-03-08,Georgia Tech,30332,GA,Undergraduate,On-Campus,None,Partial,21.72
V-1923,2024-02-29,Michigan State,48824,MI,Undergraduate,Off-Campus,None,None,16.23
V-1924,2021-03-13,UMass Amherst,01003,MA,Undergraduate,Off-Campus,Scholarship,None,9.74
V-1925,2024-01-13,UW Seattle,98195,WA,Undergraduate,Off-Campus,Pell Grant,None,17.61
V-1926,2023-11-25,UC Irvine,92697,CA,Undergraduate,Off-Campus,Scholarship,Partial,22.35
V-1927,2022-05-21,Ohio State,43210,OH,Undergraduate,On-Campus,None,None,15.31
V-1928,2022-12-02,UF Gainesville,32611,FL,Undergraduate,On-Campus,Scholarship,None,13.67
V-1929,2022-07-18,Rutgers,08901,NJ,Undergraduate,On-Campus,None,Partial,19.26
V-1930,2022-12-28,Rutgers,08901,NJ,Undergraduate,Off-Campus,None,None,12.4
V-1931,2021-10-09,Ohio State,43210,OH,Undergraduate,Off-Campus,None,None,17.39
V-1932,2023-08-04,UF Gainesville,32611,FL,Undergraduate,Off-Campus,Pell Grant,None,12.61
V-1933,2022-07-05,Georgia Tech,30332,GA,Undergraduate,Off-Campus,Scholarship,Partial,12.36
V-1934,2022-11-08,UMass Amherst,01003,MA,Undergraduate,Off-Campus,Pell Grant,None,17.34
V-1935,2023-05-09,Georgia Tech,30332,GA,Undergraduate,On-Campus,Scholarship,Partial,19.71
V-1936,2022-07-11,UMass Amherst,01003,MA,Undergraduate,Off-Campus,Pell Grant,None,13.61
V-1937,2024-09-05,UW Seattle,98195,WA,Undergraduate,On-Campus,Pell Grant,Partial,20.65
V-1938,2023-05-22,UC Irvine,92697,CA,Graduate,Off-Campus,Pell Grant,None,22.2
V-1939,2022-06-04,Rutgers,08901,NJ,Undergraduate,Off-Campus,None,Partial,10.78
V-1940,2023-07-11,UW Seattle,98195,WA,Undergraduate,Off-Campus,Scholarship,None,13.21
V-1941,2023-12-17,Texas A&M,77843,TX,Undergraduate,Off-Campus,Pell Grant,None,17.27
V-1942,2022-04-01,UW Seattle,98195,WA,Undergraduate,Off-Campus,Scholarship,None,19.3
V-1943,2023-01-17,UC Irvine,92697,CA,Undergraduate,On-Campus,Pell Grant,Full,18.49
V-1944,2022-05-08,Arizona State,85281,AZ,Undergraduate,Off-Campus,Pell Grant,None,18.0
V-1945,2024-05-23,Ohio State,43210,OH,Graduate,On-Campus,None,Full,16.25
V-1946,2024-01-31,Georgia Tech,30332,GA,Undergraduate,Off-Campus,None,None,18.16
V-1947,2023-06-20,Ohio State,43210,OH,Undergraduate,Off-Campus,None,None,17.44
V-1948,2022-03-03,UC Irvine,92697,CA,Undergraduate,Off-Campus,Pell Grant,Full,14.83
V-1949,2023-03-09,UMass Amherst,01003,MA,Undergraduate,On-Campus,Scholarship,None,17.15
V-1950,2021-06-01,UF Gainesville,32611,FL,Undergraduate,Off-Campus,Scholarship,None,6.31
V-1951,2024-01-22,Texas A&M,77843,TX,Undergraduate,Off-Campus,Pell Grant,None,6.14
V-1952,2023-02-22,Rutgers,08901,NJ,Graduate,Off-Campus,Pell Grant,None,21.53
V-1953,2021-05-31,Texas A&M,77843,TX,Undergraduate,Off-Campus,Pell Grant,None,12.88
V-1954,2022-10-06,UW Seattle,98195,WA,Undergraduate,Off-Campus,Pell Grant,Partial,13.32
V-1955,2024-01-14,Ohio State,43210,OH,Graduate,Off-Campus,Pell Grant,None,22.92
V-1956,2022-04-19,Ohio State,43210,OH,Undergraduate,Off-Campus,Pell Grant,Partial,14.62
V-1957,2023-11-08,UMass Amherst,01003,MA,Undergraduate,Off-Campus,Pell Grant,None,16.35
V-1958,2020-07-27,UC Irvine,92697,CA,Graduate,Off-Campus,Pell Grant,None,22.01
V-1959,2022-04-04,UMass Amherst,01003,MA,Undergraduate,On-Campus,None,Partial,11.7
V-1960,2024-02-03,UMass Amherst,01003,MA,Undergraduate,Off-Campus,Pell Grant,None,16.63
V-1961,2023-02-16,Michigan State,48824,MI,Undergraduate,On-Campus,Pell Grant,Partial,11.92
V-1962,2021-04-27,Rutgers,08901,NJ,Undergraduate,On-Campus,Pell Grant,Partial,5.52
V-1963,2023-04-16,Rutgers,08901,NJ,Undergraduate,Off-Campus,None,None,13.45
V-1964,2022-04-27,Texas A&M,77843,TX,Graduate,Off-Campus,None,None,24.06
V-1965,2020-12-06,Michigan State,48824,MI,Undergraduate,Off-Campus,Pell Grant,None,9.29
V-1966,2024-03-20,Michigan State,48824,MI,Graduate,Off-Campus,None,Partial,23.09
V-1967,2023-04-11,Arizona State,85281,AZ,Undergraduate,Off-Campus,None,None,18.22
V-1968,2024-03-03,Rutgers,08901,NJ,Undergraduate,Off-Campus,Pell Grant,None,18.28
V-1969,2020-10-16,UW Seattle,98195,WA,Undergraduate,On-Campus,Pell Grant,Partial,10.04
V-1970,2023-04-01,UF Gainesville,32611,FL,Graduate,On-Campus,Pell Grant,None,17.66
V-1971,2023-12-10,Rutgers,08901,NJ,Undergraduate,Off-Campus,Scholarship,None,15.3
V-1972,2023-04-17,Texas A&M,77843,TX,Undergraduate,On-Campus,Scholarship,None,15.7
V-1973,2023-12-07,Arizona State,85281,AZ,Undergraduate,On-Campus,Pell Grant,None,17.72
V-1974,2024-02-12,Texas A&M,77843,TX,Undergraduate,Off-Campus,Scholarship,Partial,17.91
V-1975,2022-10-16,UW Seattle,98195,WA,Undergraduate,Off-Campus,None,Partial,24.98
V-1976,2022-05-24,Arizona State,85281,AZ,Undergraduate,Off-Campus,None,Full,19.81
V-1977,2023-04-20,Arizona State,85281,AZ,Undergraduate,Off-Campus,Scholarship,Partial,13.23
V-1978,2024-03-03,UMass Amherst,01003,MA,Graduate,On-Campus,Pell Grant,None,29.76
V-1979,2023-05-19,Rutgers,08901,NJ,Undergraduate,On-Campus,Scholarship,None,10.25
V-1980,2023-04-10,Ohio State,43210,OH,Undergraduate,On-Campus,None,Full,10.56
V-1981,2023-01-17,UF Gainesville,32611,FL,Graduate,Off-Campus,None,None,23.57
V-1982,2021-05-16,UC Irvine,92697,CA,Undergraduate,Off-Campus,None,Partial,12.07
V-1983,2023-06-08,Ohio State,43210,OH,Undergraduate,On-Campus,Pell Grant,Partial,5.14
V-1984,2024-06-18,UMass Amherst,01003,MA,Undergraduate,Off-Campus,Pell Grant,None,21.49
V-1985,2023-01-10,UC Irvine,92697,CA,Undergraduate,Off-Campus,None,None,16.87
V-1986,2023-05-22,UC Irvine,92697,CA,Undergraduate,On-Campus,None,None,14.29
V-1987,2022-07-23,UC Irvine,92697,CA,Graduate,On-Campus,Pell Grant,None,19.31
V-1988,2022-12-03,Ohio State,43210,OH,Undergraduate,Off-Campus,Scholarship,None,13.46
V-1989,2021-11-19,UF Gainesville,32611,FL,Graduate,Off-Campus,Pell Grant,None,11.24
V-1990,2023-04-29,Georgia Tech,30332,GA,Undergraduate,Off-Campus,Pell Grant,Partial,11.08
V-1991,2023-01-21,Georgia Tech,30332,GA,Graduate,Off-Campus,None,Full,17.77
V-1992,2020-04-25,UMass Amherst,01003,MA,Undergraduate,Off-Campus,Pell Grant,Partial,16.59
V-1993,2023-03-21,Ohio State,43210,OH,Graduate,Off-Campus,Pell Grant,None,18.27
V-1994,2023-01-17,UMass Amherst,01003,MA,Graduate,Off-Campus,Pell Grant,None,21.95
V-1995,2022-09-05,UC Irvine,92697,CA,Undergraduate,Off-Campus,None,Partial,13.42
V-1996,2021-04-03,Arizona State,85281,AZ,Graduate,Off-Campus,Scholarship,Partial,15.46
V-1997,2022-07-01,Rutgers,08901,NJ,Undergraduate,Off-Campus,Pell Grant,None,15.07
V-1998,2023-01-11,Arizona State,85281,AZ,Undergraduate,Off-Campus,None,Partial,14.35
V-1999,2023-07-26,UF Gainesville,32611,FL,Undergraduate,Off-Campus,Pell Grant,None,19.16
V-2000,2024-11-05,Texas A&M,77843,TX,Undergraduate,Off-Campus,None,None,14.28
V-2001,2022-09-02,Texas A&M,77843,TX,Undergraduate,Off-Campus,Pell Grant,Partial,11.53
V-2002,2022-10-06,UW Seattle,98195,WA,Graduate,Off-Campus,Scholarship,Partial,23.54
V-2003,2023-08-06,UC Irvine,92697,CA,Undergraduate,Off-Campus,None,None,14.15
V-2004,2023-04-26,Georgia Tech,30332,GA,Undergraduate,Off-Campus,None,None,18.34
V-2005,2024-06-29,Texas A&M,77843,TX,Undergraduate,Off-Campus,Scholarship,Partial,13.43
V-2006,2023-11-27,Rutgers,08901,NJ,Undergraduate,Off-Campus,Pell Grant,None,15.7
V-2007,2023-07-11,UF Gainesville,32611,FL,Undergraduate,Off-Campus,Pell Grant,None,12.36
V-2008,2021-06-09,UW Seattle,98195,WA,Undergraduate,Off-Campus,Pell Grant,None,9.82
V-2009,2022-08-01,Arizona State,85281,AZ,Undergraduate,Off-Campus,Scholarship,Partial,5.23
V-2010,2021-06-24,UC Irvine,92697,CA,Undergraduate,Off-Campus,None,Partial,19.27
V-2011,2021-02-18,UF Gainesville,32611,FL,Graduate,Off-Campus,Scholarship,None,16.94
V-2012,2021-03-15,Rutgers,08901,NJ,Undergraduate,Off-Campus,Pell Grant,None,15.01
V-2013,2023-06-24,Arizona State,85281,AZ,Undergraduate,Off-Campus,Pell Grant,None,14.11
V-2014,2023-07-03,Arizona State,85281,AZ,Undergraduate,Off-Campus,None,None,19.51
V-2015,2020-06-05,UC Irvine,92697,CA,Undergraduate,Off-Campus,Pell Grant,None,5.41
V-2016,2023-05-24,UF Gainesville,32611,FL,Undergraduate,Off-Campus,Pell Grant,None,15.54
V-2017,2024-02-04,UW Seattle,98195,WA,Undergraduate,Off-Campus,None,Partial,18.31
V-2018,2023-08-15,UMass Amherst,01003,MA,Undergraduate,Off-Campus,Pell Grant,Partial,15.13
V-2019,2021-08-08,UC Irvine,92697,CA,Undergraduate,Off-Campus,None,None,10.3
V-2020,2020-06-17,Michigan State,48824,MI,Graduate,Off-Campus,Scholarship,None,11.58
V-2021,2022-12-19,UW Seattle,98195,WA,Undergraduate,On-Campus,Pell Grant,None,11.79
V-2022,2023-03-26,Rutgers,08901,NJ,Undergraduate,Off-Campus,None,None,6.75
V-2023,2023-08-20,Ohio State,43210,OH,Undergraduate,Off-Campus,None,None,17.84
V-2024,2023-06-08,Michigan State,48824,MI,Undergraduate,On-Campus,None,None,16.63
V-2025,2022-10-15,Arizona State,85281,AZ,Undergraduate,Off-Campus,None,None,17.61
V-2026,2023-06-28,UW Seattle,98195,WA,Undergraduate,Off-Campus,None,None,11.02
V-2027,2023-10-21,Texas A&M,77843,TX,Undergraduate,On-Campus,Scholarship,None,10.67
V-2028,2022-11-04,UMass Amherst,01003,MA,Undergraduate,Off-Campus,None,None,16.39
V-2029,2024-01-13,Michigan State,48824,MI,Undergraduate,Off-Campus,None,Full,17.18
V-2030,2024-04-12,UC Irvine,92697,CA,Undergraduate,Off-Campus,None,None,8.15
V-2031,2023-03-31,Georgia Tech,30332,GA,Undergraduate,On-Campus,Pell Grant,None,11.82
V-2032,2022-08-04,Michigan State,48824,MI,Undergraduate,Off-Campus,Scholarship,None,20.42
V-2033,2023-07-13,UW Seattle,98195,WA,Undergraduate,Off-Campus,Scholarship,Partial,17.94
V-2034,2022-08-08,Ohio State,43210,OH,Graduate,On-Campus,None,None,19.07
V-2035,2021-08-09,UMass Amherst,01003,MA,Graduate,Off-Campus,Scholarship,Partial,14.43
V-2036,2024-02-28,Texas A&M,77843,TX,Undergraduate,Off-Campus,Pell Grant,None,11.47
V-2037,2020-09-04,UW Seattle,98195,WA,Graduate,On-Campus,Pell Grant,None,16.82
V-2038,2023-06-02,Michigan State,48824,MI,Graduate,Off-Campus,Pell Grant,None,15.08
V-2039,2021-02-20,Arizona State,85281,AZ,Undergraduate,Off-Campus,Scholarship,None,17.77
V-2040,2022-09-21,UMass Amherst,01003,MA,Undergraduate,Off-Campus,Pell Grant,Partial,18.62
V-2041,2023-04-24,UC Irvine,92697,CA,Graduate,On-Campus,None,None,15.92
V-2042,2022-07-27,Georgia Tech,30332,GA,Undergraduate,Off-Campus,Pell Grant,None,21.62
V-2043,2021-08-05,Arizona State,85281,AZ,Graduate,Off-Campus,Pell Grant,None,17.43
V-2044,2022-12-18,Ohio State,43210,OH,Undergraduate,Off-Campus,Pell Grant,None,14.39
V-2045,2024-07-22,Georgia Tech,30332,GA,Undergraduate,Off-Campus,Scholarship,None,13.74
V-2046,2022-08-21,UF Gainesville,32611,FL,Undergraduate,On-Campus,Scholarship,None,9.72
V-2047,2020-08-25,UF Gainesville,32611,FL,Undergraduate,Off-Campus,None,None,11.07
V-2048,2023-09-16,UW Seattle,98195,WA,Undergraduate,Off-Campus,Scholarship,None,7.75
V-2049,2024-03-15,UMass Amherst,01003,MA,Undergraduate,Off-Campus,Pell Grant,None,13.94
V-2050,2021-06-13,UC Irvine,92697,CA,Undergraduate,On-Campus,Pell Grant,Partial,12.79
V-2051,2024-02-26,UC Irvine,92697,CA,Graduate,Off-Campus,Scholarship,None,22.24
V-2052,2023-04-21,Georgia Tech,30332,GA,Undergraduate,Off-Campus,None,None,8.48
V-2053,2022-06-25,Georgia Tech,30332,GA,Undergraduate,Off-Campus,Pell Grant,Partial,8.04
V-2054,2023-02-17,Arizona State,85281,AZ,Undergraduate,Off-Campus,Scholarship,None,15.24
V-2055,2023-02-17,Ohio State,43210,OH,Undergraduate,Off-Campus,Scholarship,None,9.78
V-2056,2023-09-22,Ohio State,43210,OH,Undergraduate,On-Campus,Scholarship,None,14.1
V-2057,2022-05-04,Arizona State,85281,AZ,Undergraduate,Off-Campus,None,None,18.78
V-2058,2022-03-02,Rutgers,08901,NJ,Graduate,On-Campus,None,Partial,14.69
V-2059,2024-07-28,UC Irvine,92697,CA,Undergraduate,On-Campus,Scholarship,None,12.2
V-2060,2023-03-06,UMass Amherst,01003,MA,Undergraduate,On-Campus,Pell Grant,Partial,18.39
V-2061,2021-08-02,UF Gainesville,32611,FL,Undergraduate,Off-Campus,Pell Grant,Full,5.97
V-2062,2022-11-01,UW Seattle,98195,WA,Graduate,On-Campus,Pell Grant,None,19.45
V-2063,2022-09-11,UMass Amherst,01003,MA,Graduate,Off-Campus,Scholarship,None,29.49
V-2064,2024-11-12,UW Seattle,98195,WA,Undergraduate,Off-Campus,Scholarship,None,17.06
V-2065,2023-03-18,UW Seattle,98195,WA,Graduate,On-Campus,Pell Grant,Full,24.17
V-2066,2023-05-09,Michigan State,48824,MI,Undergraduate,Off-Campus,None,Partial,12.89
V-2067,2020-11-04,UMass Amherst,01003,MA,Undergraduate,On-Campus,None,None,7.57
V-2068,2022-12-07,UF Gainesville,32611,FL,Undergraduate,On-Campus,Pell Grant,Partial,8.25
V-2069,2024-07-22,Michigan State,48824,MI,Graduate,On-Campus,Scholarship,Partial,22.61
V-2070,2024-03-30,UW Seattle,98195,WA,Undergraduate,Off-Campus,Scholarship,Partial,16.46
V-2071,2024-01-30,Texas A&M,77843,TX,Undergraduate,Off-Campus,None,None,22.34
V-2072,2021-07-15,UMass Amherst,01003,MA,Undergraduate,Off-Campus,Pell Grant,None,11.78
V-2073,2023-10-27,Georgia Tech,30332,GA,Undergraduate,Off-Campus,Scholarship,Partial,16.18
V-2074,2022-03-26,Arizona State,85281,AZ,Graduate,On-Campus,Pell Grant,None,19.29
V-2075,2024-09-12,Georgia Tech,30332,GA,Undergraduate,Off-Campus,Pell Grant,None,11.07
V-2076,2022-12-16,UW Seattle,98195,WA,Undergraduate,On-Campus,None,None,15.39
V-2077,2022-08-09,Michigan State,48824,MI,Undergraduate,Off-Campus,None,None,18.27
V-2078,2022-04-10,Georgia Tech,30332,GA,Graduate,Off-Campus,None,Partial,22.38
V-2079,2022-08-23,UMass Amherst,01003,MA,Undergraduate,Off-Campus,Pell Grant,None,11.21
V-2080,2023-01-15,Ohio State,43210,OH,Undergraduate,Off-Campus,Scholarship,None,25.3
V-2081,2024-01-24,Georgia Tech,30332,GA,Undergraduate,Off-Campus,Pell Grant,Partial,14.17
V-2082,2024-09-11,UW Seattle,98195,WA,Undergraduate,On-Campus,None,None,20.53
V-2083,2023-09-25,Michigan State,48824,MI,Undergraduate,Off-Campus,Pell Grant,None,13.64
V-2084,2023-03-22,Rutgers,08901,NJ,Undergraduate,On-Campus,Scholarship,None,19.24
V-2085,2024-03-04,UF Gainesville,32611,FL,Undergraduate,Off-Campus,Pell Grant,None,14.52
V-2086,2021-01-23,Ohio State,43210,OH,Undergraduate,Off-Campus,Scholarship,None,12.31
V-2087,2023-01-15,Rutgers,08901,NJ,Undergraduate,Off-Campus,Scholarship,None,18.45
V-2088,2023-05-14,Michigan State,48824,MI,Undergraduate,Off-Campus,Scholarship,None,22.52
V-2089,2023-08-14,Michigan State,48824,MI,Undergraduate,Off-Campus,Pell Grant,None,13.93
V-2090,2023-07-16,UC Irvine,92697,CA,Graduate,On-Campus,None,None,19.19
V-2091,2022-07-19,UC Irvine,92697,CA,Undergraduate,Off-Campus,Pell Grant,None,11.05
V-2092,2023-11-08,Rutgers,08901,NJ,Undergraduate,Off-Campus,Scholarship,None,11.51
V-2093,2024-07-05,Rutgers,08901,NJ,Graduate,Off-Campus,Pell Grant,None,18.87
V-2094,2020-05-26,Ohio State,43210,OH,Undergraduate,Off-Campus,Pell Grant,None,10.18
V-2095,2020-07-04,Texas A&M,77843,TX,Graduate,Off-Campus,Scholarship,None,21.83
V-2096,2023-08-29,UC Irvine,92697,CA,Graduate,Off-Campus,None,Partial,22.99
V-2097,2021-08-10,UC Irvine,92697,CA,Undergraduate,On-Campus,None,Partial,16.15
V-2098,2023-09-13,Arizona State,85281,AZ,Undergraduate,Off-Campus,Pell Grant,Partial,17.75
V-2099,2023-09-27,Texas A&M,77843,TX,Graduate,On-Campus,Pell Grant,None,25.72
V-2100,2023-12-28,Texas A&M,77843,TX,Undergraduate,On-Campus,None,Partial,12.13
V-2101,2022-12-20,UC Irvine,92697,CA,Graduate,On-Campus,None,None,21.22
V-2102,2021-03-08,Texas A&M,77843,TX,Undergraduate,On-Campus,Pell Grant,None,6.39
V-2103,2021-02-03,Rutgers,08901,NJ,Undergraduate,Off-Campus,Pell Grant,None,6.34
V-2104,2022-07-06,Georgia Tech,30332,GA,Undergraduate,Off-Campus,Scholarship,None,14.44
V-2105,2024-06-12,Georgia Tech,30332,GA,Undergraduate,Off-Campus,Scholarship,None,15.02
V-2106,2021-02-21,UW Seattle,98195,WA,Undergraduate,Off-Campus,Scholarship,Full,13.03
V-2107,2022-04-30,Ohio State,43210,OH,Undergraduate,On-Campus,Pell Grant,None,16.3
V-2108,2021-03-06,UW Seattle,98195,WA,Undergraduate,Off-Campus,None,None,18.76
V-2109,2023-07-30,Michigan State,48824,MI,Undergraduate,Off-Campus,Pell Grant,Partial,14.87
V-2110,2020-12-14,Michigan State,48824,MI,Undergraduate,Off-Campus,Pell Grant,None,12.12
V-2111,2022-04-24,Ohio State,43210,OH,Graduate,Off-Campus,Scholarship,None,17.01
V-2112,2022-01-18,Rutgers,08901,NJ,Undergraduate,Off-Campus,Pell Grant,None,17.13
V-2113,2024-05-05,UMass Amherst,01003,MA,Undergraduate,On-Campus,Pell Grant,None,12.96
V-2114,2022-09-15,Rutgers,08901,NJ,Undergraduate,On-Campus,Pell Grant,None,13.05
V-2115,2022-12-08,UMass Amherst,01003,MA,Undergraduate,Off-Campus,Pell Grant,Partial,16.88
V-2116,2022-01-08,UW Seattle,98195,WA,Undergraduate,On-Campus,None,Partial,13.93
V-2117,2023-04-21,UMass Amherst,01003,MA,Undergraduate,Off-Campus,Scholarship,Partial,14.74
V-2118,2022-07-18,Rutgers,08901,NJ,Undergraduate,Off-Campus,Pell Grant,Partial,10.62
V-2119,2024-02-26,UF Gainesville,32611,FL,Undergraduate,Off-Campus,None,None,16.67
V-2120,2023-01-06,Michigan State,48824,MI,Graduate,Off-Campus,Pell Grant,None,29.16
V-2121,2023-05-13,Arizona State,85281,AZ,Undergraduate,Off-Campus,Scholarship,None,9.53
V-2122,2021-02-20,UF Gainesville,32611,FL,Undergraduate,Off-Campus,None,Full,8.49
V-2123,2023-08-06,Michigan State,48824,MI,Undergraduate,On-Campus,Pell Grant,None,18.01
V-2124,2023-11-29,UW Seattle,98195,WA,Undergraduate,On-Campus,Pell Grant,Partial,16.08
V-2125,2023-01-25,UW Seattle,98195,WA,Undergraduate,Off-Campus,Scholarship,None,19.93
V-2126,2021-08-10,Ohio State,43210,OH,Graduate,Off-Campus,Pell Grant,Full,16.33
V-2127,2022-12-30,Ohio State,43210,OH,Graduate,Off-Campus,Pell Grant,None,23.96
V-2128,2022-04-08,Ohio State,43210,OH,Undergraduate,On-Campus,None,Partial,15.16
V-2129,2020-12-28,Georgia Tech,30332,GA,Undergraduate,Off-Campus,None,None,9.0
V-2130,2023-09-09,UF Gainesville,32611,FL,Undergraduate,Off-Campus,Pell Grant,None,12.45
V-2131,2022-03-27,UC Irvine,92697,CA,Undergraduate,Off-Campus,None,Full,13.85
V-2132,2023-07-30,Michigan State,48824,MI,Undergraduate,Off-Campus,Pell Grant,None,11.43
V-2133,2021-05-10,UC Irvine,92697,CA,Undergraduate,On-Campus,Scholarship,None,17.59
V-2134,2022-07-21,UF Gainesville,32611,FL,Undergraduate,Off-Campus,Pell Grant,None,16.96
V-2135,2022-05-19,Rutgers,08901,NJ,Undergraduate,On-Campus,Pell Grant,None,11.95
V-2136,2023-10-21,Texas A&M,77843,TX,Undergraduate,Off-Campus,Pell Grant,Partial,14.41
V-2137,2024-03-31,Michigan State,48824,MI,Undergraduate,Off-Campus,None,Partial,19.18
V-2138,2022-08-12,Ohio State,43210,OH,Undergraduate,On-Campus,None,Partial,13.83
V-2139,2022-08-25,Arizona State,85281,AZ,Undergraduate,Off-Campus,Scholarship,None,22.05
V-2140,2023-05-20,Georgia Tech,30332,GA,Undergraduate,On-Campus,None,Partial,16.8
V-2141,2023-06-22,Georgia Tech,30332,GA,Undergraduate,On-Campus,Pell Grant,None,11.51
V-2142,2024-07-27,Michigan State,48824,MI,Undergraduate,Off-Campus,None,Partial,11.44
V-2143,2021-05-19,Rutgers,08901,NJ,Undergraduate,Off-Campus,None,Full,17.34
V-2144,2023-10-13,UC Irvine,92697,CA,Undergraduate,Off-Campus,Pell Grant,Partial,13.27
V-2145,2022-07-21,Arizona State,85281,AZ,Undergraduate,Off-Campus,Pell Grant,None,14.6
V-2146,2024-07-03,Arizona State,85281,AZ,Undergraduate,Off-Campus,None,None,4.28
V-2147,2022-11-17,UF Gainesville,32611,FL,Undergraduate,On-Campus,None,None,14.37
V-2148,2021-12-11,Rutgers,08901,NJ,Undergraduate,Off-Campus,None,Partial,7.94
V-2149,2020-12-21,UC Irvine,92697,CA,Undergraduate,Off-Campus,None,Full,7.11
V-2150,2023-09-28,Ohio State,43210,OH,Undergraduate,On-Campus,Pell Grant,None,19.93
V-2151,2024-01-03,Texas A&M,77843,TX,Undergraduate,Off-Campus,None,None,13.93
V-2152,2021-12-16,Arizona State,85281,AZ,Undergraduate,Off-Campus,Pell Grant,Partial,12.08
V-2153,2024-02-13,Georgia Tech,30332,GA,Undergraduate,Off-Campus,Scholarship,Partial,23.71
V-2154,2021-12-22,Rutgers,08901,NJ,Undergraduate,On-Campus,Pell Grant,None,17.46
V-2155,2022-04-24,Georgia Tech,30332,GA,Graduate,Off-Campus,None,None,26.26
V-2156,2021-07-28,UC Irvine,92697,CA,Undergraduate,Off-Campus,Pell Grant,None,18.36
V-2157,2022-05-22,UF Gainesville,32611,FL,Undergraduate,Off-Campus,Pell Grant,None,17.15
V-2158,2023-06-01,UW Seattle,98195,WA,Undergraduate,On-Campus,Pell Grant,None,20.93
V-2159,2021-11-24,Texas A&M,77843,TX,Undergraduate,Off-Campus,Scholarship,None,10.47
V-2160,2024-02-28,UF Gainesville,32611,FL,Undergraduate,Off-Campus,Scholarship,Partial,11.82
V-2161,2021-01-09,UMass Amherst,01003,MA,Graduate,Off-Campus,Scholarship,None,13.17
V-2162,2021-06-02,Michigan State,48824,MI,Undergraduate,Off-Campus,Scholarship,None,6.16
V-2163,2023-12-15,UF Gainesville,32611,FL,Graduate,On-Campus,Scholarship,Partial,21.64
V-2164,2020-07-07,Arizona State,85281,AZ,Undergraduate,Off-Campus,None,None,6.31
V-2165,2020-08-03,UF Gainesville,32611,FL,Undergraduate,Off-Campus,Pell Grant,Partial,7.94
V-2166,2021-07-01,Texas A&M,77843,TX,Undergraduate,Off-Campus,Scholarship,Partial,12.33
V-2167,2022-09-14,UF Gainesville,32611,FL,Graduate,Off-Campus,Scholarship,Full,9.61
V-2168,2023-02-06,Rutgers,08901,NJ,Undergraduate,Off-Campus,Scholarship,None,14.17
V-2169,2022-11-24,UC Irvine,92697,CA,Graduate,On-Campus,Scholarship,None,20.38
V-2170,2024-07-20,Arizona State,85281,AZ,Undergraduate,Off-Campus,None,None,23.71
V-2171,2022-05-17,Texas A&M,77843,TX,Graduate,Off-Campus,Pell Grant,None,20.77
V-2172,2023-10-05,Rutgers,08901,NJ,Undergraduate,Off-Campus,Pell Grant,None,15.49
V-2173,2024-08-26,Michigan State,48824,MI,Undergraduate,Off-Campus,None,Partial,21.91
V-2174,2021-07-04,UF Gainesville,32611,FL,Undergraduate,On-Campus,None,None,12.25
V-2175,2022-03-11,UW Seattle,98195,WA,Undergraduate,Off-Campus,Pell Grant,None,14.52
V-2176,2020-07-24,UC Irvine,92697,CA,Graduate,On-Campus,None,None,22.37
V-2177,2023-01-23,Georgia Tech,30332,GA,Undergraduate,Off-Campus,Scholarship,None,11.48
V-2178,2022-07-05,Ohio State,43210,OH,Graduate,On-Campus,Pell Grant,Partial,23.96
V-2179,2024-08-20,Georgia Tech,30332,GA,Undergraduate,On-Campus,None,None,10.3
V-2180,2023-12-30,UC Irvine,92697,CA,Undergraduate,Off-Campus,Scholarship,None,17.88
V-2181,2022-11-17,Rutgers,08901,NJ,Graduate,Off-Campus,Pell Grant,None,23.01
V-2182,2022-09-07,UF Gainesville,32611,FL,Undergraduate,Off-Campus,Pell Grant,Full,12.56
V-2183,2022-01-12,UF Gainesville,32611,FL,Undergraduate,Off-Campus,Scholarship,None,12.91
V-2184,2022-02-10,Arizona State,85281,AZ,Undergraduate,On-Campus,None,None,20.38
V-2185,2022-12-05,Texas A&M,77843,TX,Undergraduate,Off-Campus,Scholarship,Partial,13.91
V-2186,2021-01-08,Ohio State,43210,OH,Undergraduate,On-Campus,Pell Grant,Full,14.97
V-2187,2021-03-03,Georgia Tech,30332,GA,Graduate,Off-Campus,Scholarship,Partial,19.14
V-2188,2022-07-28,Rutgers,08901,NJ,Graduate,On-Campus,None,None,17.41
V-2189,2021-08-05,Rutgers,08901,NJ,Graduate,Off-Campus,None,Full,16.88
V-2190,2023-05-10,Georgia Tech,30332,GA,Undergraduate,Off-Campus,Scholarship,None,16.26
V-2191,2021-08-18,UC Irvine,92697,CA,Undergraduate,Off-Campus,None,Partial,18.96
V-2192,2023-11-15,Rutgers,08901,NJ,Graduate,On-Campus,None,None,15.91
V-2193,2023-06-29,UC Irvine,92697,CA,Undergraduate,Off-Campus,Scholarship,None,21.11
V-2194,2022-03-03,UW Seattle,98195,WA,Undergraduate,On-Campus,Pell Grant,None,16.29
V-2195,2022-04-17,Michigan State,48824,MI,Undergraduate,Off-Campus,Scholarship,None,12.89
V-2196,2022-12-01,Arizona State,85281,AZ,Undergraduate,Off-Campus,Scholarship,Partial,15.65
V-2197,2021-01-22,Michigan State,48824,MI,Undergraduate,On-Campus,Pell Grant,Partial,15.33
V-2198,2021-08-19,Rutgers,08901,NJ,Undergraduate,Off-Campus,Scholarship,None,8.95
V-2199,2024-07-06,Arizona State,85281,AZ,Undergraduate,On-Campus,None,None,14.99
V-2200,2023-02-04,UC Irvine,92697,CA,Undergraduate,Off-Campus,Scholarship,None,14.49
V-2201,2023-07-04,UC Irvine,92697,CA,Undergraduate,On-Campus,None,None,8.3
V-2202,2021-03-04,Rutgers,08901,NJ,Graduate,Off-Campus,None,Full,22.3
V-2203,2022-11-19,UC Irvine,92697,CA,Undergraduate,Off-Campus,None,Partial,11.84
V-2204,2023-02-22,Arizona State,85281,AZ,Undergraduate,Off-Campus,Pell Grant,Partial,12.26
V-2205,2021-09-24,UW Seattle,98195,WA,Undergraduate,Off-Campus,Pell Grant,None,13.05
V-2206,2022-11-03,Ohio State,43210,OH,Graduate,On-Campus,Scholarship,None,22.06
V-2207,2022-02-03,Rutgers,08901,NJ,Undergraduate,Off-Campus,None,None,15.16
V-2208,2024-07-13,Ohio State,43210,OH,Undergraduate,Off-Campus,Pell Grant,None,15.82
V-2209,2022-03-02,Michigan State,48824,MI,Graduate,Off-Campus,Pell Grant,None,21.06
V-2210,2022-10-24,Georgia Tech,30332,GA,Undergraduate,Off-Campus,Pell Grant,None,11.38
V-2211,2023-05-10,Rutgers,08901,NJ,Graduate,Off-Campus,Pell Grant,None,21.31
V-2212,2024-09-13,Michigan State,48824,MI,Undergraduate,On-Campus,None,Full,17.96
V-2213,2024-03-28,Texas A&M,77843,TX,Undergraduate,On-Campus,None,Partial,13.07
V-2214,2024-06-03,Texas A&M,77843,TX,Undergraduate,Off-Campus,None,None,15.65
V-2215,2024-08-30,UMass Amherst,01003,MA,Undergraduate,Off-Campus,Pell Grant,None,18.02
V-2216,2023-09-17,Arizona State,85281,AZ,Undergraduate,Off-Campus,Pell Grant,Partial,14.63
V-2217,2023-08-10,UF Gainesville,32611,FL,Undergraduate,Off-Campus,Pell Grant,Partial,9.91
V-2218,2022-02-11,Ohio State,43210,OH,Undergraduate,Off-Campus,Pell Grant,None,19.26
V-2219,2021-09-18,Georgia Tech,30332,GA,Undergraduate,Off-Campus,Scholarship,None,18.07
V-2220,2023-03-13,UMass Amherst,01003,MA,Graduate,On-Campus,Pell Grant,Partial,20.53
V-2221,2020-06-19,Texas A&M,77843,TX,Graduate,Off-Campus,Pell Grant,Partial,24.62
V-2222,2020-05-27,UW Seattle,98195,WA,Undergraduate,On-Campus,None,None,14.8
V-2223,2022-01-12,Texas A&M,77843,TX,Undergraduate,On-Campus,Scholarship,None,12.8
V-2224,2023-05-22,Georgia Tech,30332,GA,Undergraduate,On-Campus,Scholarship,None,11.93
V-2225,2023-12-31,Ohio State,43210,OH,Graduate,Off-Campus,Scholarship,None,16.86
V-2226,2023-08-20,UW Seattle,98195,WA,Undergraduate,Off-Campus,None,None,14.29
V-2227,2020-09-22,Texas A&M,77843,TX,Graduate,Off-Campus,None,Partial,15.09
V-2228,2022-12-13,UW Seattle,98195,WA,Undergraduate,Off-Campus,Pell Grant,None,11.18
V-2229,2022-04-15,UMass Amherst,01003,MA,Undergraduate,Off-Campus,None,None,15.19
V-2230,2022-09-06,Rutgers,08901,NJ,Undergraduate,Off-Campus,None,Partial,8.77
V-2231,2023-09-14,Georgia Tech,30332,GA,Undergraduate,Off-Campus,Scholarship,None,8.55
V-2232,2024-04-15,Arizona State,85281,AZ,Undergraduate,Off-Campus,Scholarship,Partial,15.83
V-2233,2022-07-17,Rutgers,08901,NJ,Graduate,Off-Campus,Pell Grant,Partial,22.38
V-2234,2023-10-20,UMass Amherst,01003,MA,Undergraduate,On-Campus,Scholarship,None,16.67
V-2235,2022-07-19,Michigan State,48824,MI,Undergraduate,Off-Campus,Pell Grant,None,7.72
V-2236,2023-06-12,UW Seattle,98195,WA,Undergraduate,Off-Campus,None,Partial,11.92
V-2237,2024-04-15,Arizona State,85281,AZ,Undergraduate,Off-Campus,Pell Grant,Partial,13.04
V-2238,2021-05-10,Georgia Tech,30332,GA,Undergraduate,Off-Campus,Scholarship,None,6.98
V-2239,2020-11-02,Arizona State,85281,AZ,Graduate,Off-Campus,Pell Grant,None,18.8
V-2240,2020-10-21,Arizona State,85281,AZ,Undergraduate,Off-Campus,Pell Grant,None,13.5
V-2241,2022-04-05,Texas A&M,77843,TX,Graduate,On-Campus,Pell Grant,None,19.05
V-2242,2024-06-18,Michigan State,48824,MI,Undergraduate,Off-Campus,Pell Grant,Partial,9.41
V-2243,2023-03-29,UMass Amherst,01003,MA,Undergraduate,Off-Campus,Pell Grant,None,22.53
V-2244,2023-01-21,Texas A&M,77843,TX,Undergraduate,On-Campus,None,Partial,11.23
V-2245,2022-07-12,UMass Amherst,01003,MA,Undergraduate,Off-Campus,Pell Grant,None,17.85
V-2246,2024-03-05,UC Irvine,92697,CA,Undergraduate,Off-Campus,Scholarship,Partial,20.99
V-2247,2022-12-08,Georgia Tech,30332,GA,Undergraduate,On-Campus,Pell Grant,Partial,12.73
V-2248,2022-12-31,UF Gainesville,32611,FL,Graduate,On-Campus,None,None,22.04
V-2249,2021-11-01,Rutgers,08901,NJ,Graduate,Off-Campus,Pell Grant,None,14.17
V-2250,2022-06-13,Georgia Tech,30332,GA,Undergraduate,Off-Campus,None,Partial,12.49
V-2251,2021-02-18,UC Irvine,92697,CA,Undergraduate,Off-Campus,Scholarship,Full,14.68
V-2252,2021-02-12,Texas A&M,77843,TX,Undergraduate,Off-Campus,Scholarship,Partial,12.94
V-2253,2022-09-21,Ohio State,43210,OH,Undergraduate,On-Campus,Pell Grant,None,17.02
V-2254,2023-11-15,UF Gainesville,32611,FL,Undergraduate,Off-Campus,Scholarship,Full,13.18
V-2255,2023-07-17,UW Seattle,98195,WA,Undergraduate,Off-Campus,Pell Grant,None,18.66
V-2256,2023-10-02,UMass Amherst,01003,MA,Undergraduate,Off-Campus,Pell Grant,Full,11.19
V-2257,2024-02-07,Texas A&M,77843,TX,Undergraduate,On-Campus,Pell Grant,Partial,16.97
V-2258,2023-02-14,Ohio State,43210,OH,Undergraduate,Off-Campus,Scholarship,Partial,12.21
V-2259,2020-10-28,UF Gainesville,32611,FL,Graduate,Off-Campus,Pell Grant,None,11.99
V-2260,2021-07-09,UW Seattle,98195,WA,Undergraduate,Off-Campus,None,None,15.98
V-2261,2020-12-29,Michigan State,48824,MI,Undergraduate,On-Campus,Scholarship,Full,2.56
V-2262,2024-08-17,Ohio State,43210,OH,Undergraduate,On-Campus,Pell Grant,None,12.78
V-2263,2022-05-06,Ohio State,43210,OH,Undergraduate,On-Campus,Pell Grant,None,9.78
V-2264,2022-01-15,Texas A&M,77843,TX,Undergraduate,Off-Campus,Scholarship,Partial,18.5
V-2265,2024-01-01,Texas A&M,77843,TX,Undergraduate,Off-Campus,Pell Grant,None,18.48
V-2266,2022-10-07,UC Irvine,92697,CA,Undergraduate,Off-Campus,None,Full,9.96
V-2267,2023-08-04,UW Seattle,98195,WA,Undergraduate,Off-Campus,Pell Grant,None,10.08
V-2268,2023-11-22,UMass Amherst,01003,MA,Graduate,Off-Campus,None,None,19.27
V-2269,2024-03-18,UF Gainesville,32611,FL,Undergraduate,Off-Campus,Scholarship,None,10.83
V-2270,2023-11-10,Texas A&M,77843,TX,Undergraduate,Off-Campus,None,None,20.93
V-2271,2023-06-17,Texas A&M,77843,TX,Undergraduate,Off-Campus,None,None,7.89
V-2272,2021-03-11,Michigan State,48824,MI,Undergraduate,On-Campus,Pell Grant,Full,20.16
V-2273,2021-09-27,UF Gainesville,32611,FL,Undergraduate,Off-Campus,Scholarship,None,14.92
V-2274,2023-10-12,Michigan State,48824,MI,Undergraduate,Off-Campus,None,None,17.3
V-2275,2020-11-16,Rutgers,08901,NJ,Graduate,On-Campus,Pell Grant,Partial,19.12
V-2276,2022-03-11,Arizona State,85281,AZ,Undergraduate,Off-Campus,Pell Grant,None,7.4
V-2277,2023-08-06,Ohio State,43210,OH,Undergraduate,On-Campus,Scholarship,Partial,18.05
V-2278,2023-09-19,UMass Amherst,01003,MA,Undergraduate,Off-Campus,Scholarship,Partial,15.11
V-2279,2023-01-13,UMass Amherst,01003,MA,Graduate,Off-Campus,None,None,16.6
V-2280,2022-08-02,UF Gainesville,32611,FL,Undergraduate,Off-Campus,Pell Grant,None,18.4
V-2281,2022-11-21,Michigan State,48824,MI,Undergraduate,Off-Campus,None,None,18.29
V-2282,2024-04-20,UC Irvine,92697,CA,Undergraduate,Off-Campus,Pell Grant,Partial,19.79
V-2283,2024-01-18,Michigan State,48824,MI,Graduate,On-Campus,Pell Grant,None,24.94
V-2284,2022-03-24,Texas A&M,77843,TX,Undergraduate,On-Campus,None,Partial,11.64
V-2285,2022-07-02,Arizona State,85281,AZ,Undergraduate,On-Campus,None,None,16.16
V-2286,2022-06-19,Rutgers,08901,NJ,Graduate,Off-Campus,None,None,24.21
V-2287,2023-03-10,Ohio State,43210,OH,Undergraduate,Off-Campus,Pell Grant,None,18.3
V-2288,2024-06-11,UMass Amherst,01003,MA,Undergraduate,On-Campus,Pell Grant,Partial,5.99
V-2289,2021-09-19,UF Gainesville,32611,FL,Undergraduate,Off-Campus,Scholarship,Full,13.07
V-2290,2023-10-18,Michigan State,48824,MI,Undergraduate,Off-Campus,Scholarship,Partial,12.19
V-2291,2020-09-03,Ohio State,43210,OH,Undergraduate,On-Campus,Pell Grant,Full,18.32
V-2292,2023-12-19,UW Seattle,98195,WA,Undergraduate,Off-Campus,None,Partial,14.93
V-2293,2022-01-23,Georgia Tech,30332,GA,Undergraduate,Off-Campus,Pell Grant,None,15.47
V-2294,2023-07-28,UC Irvine,92697,CA,Graduate,Off-Campus,Scholarship,None,21.63
V-2295,2024-07-30,Arizona State,85281,AZ,Undergraduate,Off-Campus,None,None,20.94
V-2296,2020-12-19,Texas A&M,77843,TX,Undergraduate,Off-Campus,None,Partial,20.05
V-2297,2024-01-20,Georgia Tech,30332,GA,Undergraduate,Off-Campus,Pell Grant,Partial,15.4
V-2298,2021-10-19,Rutgers,08901,NJ,Undergraduate,Off-Campus,Pell Grant,None,14.41
V-2299,2022-09-05,Georgia Tech,30332,GA,Undergraduate,Off-Campus,Scholarship,Full,19.69
V-2300,2021-07-17,Rutgers,08901,NJ,Graduate,Off-Campus,Pell Grant,Partial,14.77
V-2301,2024-02-01,Ohio State,43210,OH,Undergraduate,On-Campus,Pell Grant,Partial,11.22
V-2302,2023-06-28,Rutgers,08901,NJ,Undergraduate,On-Campus,None,Partial,12.19
V-2303,2023-05-13,Ohio State,43210,OH,Undergraduate,Off-Campus,Pell Grant,Full,17.78
V-2304,2023-03-20,UF Gainesville,32611,FL,Undergraduate,Off-Campus,Pell Grant,None,14.85
V-2305,2022-04-13,UMass Amherst,01003,MA,Undergraduate,On-Campus,Scholarship,None,11.27
V-2306,2022-05-10,Arizona State,85281,AZ,Undergraduate,Off-Campus,None,Partial,18.88
V-2307,2022-06-16,Rutgers,08901,NJ,Undergraduate,On-Campus,Pell Grant,None,7.91
V-2308,2023-08-24,Michigan State,48824,MI,Undergraduate,Off-Campus,Scholarship,None,12.18
V-2309,2023-10-16,UW Seattle,98195,WA,Undergraduate,Off-Campus,Pell Grant,Partial,14.43
V-2310,2022-04-10,Arizona State,85281,AZ,Undergraduate,On-Campus,Pell Grant,None,21.07
V-2311,2022-06-14,UW Seattle,98195,WA,Undergraduate,On-Campus,Pell Grant,Partial,11.33
V-2312,2021-01-04,UF Gainesville,32611,FL,Undergraduate,Off-Campus,None,None,14.97
V-2313,2023-05-29,Rutgers,08901,NJ,Undergraduate,Off-Campus,Scholarship,None,14.11
V-2314,2023-06-27,UF Gainesville,32611,FL,Undergraduate,Off-Campus,Scholarship,None,10.05
V-2315,2022-10-01,UMass Amherst,01003,MA,Undergraduate,Off-Campus,Pell Grant,Partial,16.28
V-2316,2023-09-11,Rutgers,08901,NJ,Graduate,Off-Campus,Pell Grant,None,19.78
V-2317,2022-03-27,UW Seattle,98195,WA,Graduate,Off-Campus,Pell Grant,Partial,17.68
V-2318,2022-10-18,Georgia Tech,30332,GA,Graduate,On-Campus,Pell Grant,None,14.92
V-2319,2024-08-09,Arizona State,85281,AZ,Undergraduate,Off-Campus,None,Full,16.0
V-2320,2021-06-06,Georgia Tech,30332,GA,Undergraduate,On-Campus,Scholarship,None,19.2
V-2321,2023-07-28,Arizona State,85281,AZ,Undergraduate,Off-Campus,None,None,12.4
V-2322,2022-10-07,Arizona State,85281,AZ,Undergraduate,On-Campus,Pell Grant,Partial,9.78
V-2323,2022-03-09,UF Gainesville,32611,FL,Undergraduate,Off-Campus,Scholarship,Partial,7.1
V-2324,2021-12-05,UMass Amherst,01003,MA,Undergraduate,Off-Campus,Pell Grant,None,6.55
V-2325,2022-04-13,UC Irvine,92697,CA,Undergraduate,On-Campus,Pell Grant,Full,13.31
V-2326,2023-06-13,UMass Amherst,01003,MA,Graduate,Off-Campus,Scholarship,None,21.11
V-2327,2021-03-07,Georgia Tech,30332,GA,Undergraduate,Off-Campus,Scholarship,None,14.53
V-2328,2021-03-03,UMass Amherst,01003,MA,Undergraduate,Off-Campus,None,None,12.6
V-2329,2021-04-16,Michigan State,48824,MI,Undergraduate,Off-Campus,None,None,13.78
V-2330,2023-04-17,Rutgers,08901,NJ,Graduate,Off-Campus,None,None,26.63
V-2331,2022-03-14,UW Seattle,98195,WA,Undergraduate,On-Campus,None,Partial,18.75
V-2332,2020-07-09,Ohio State,43210,OH,Undergraduate,Off-Campus,Pell Grant,Partial,17.18
V-2333,2023-04-28,UF Gainesville,32611,FL,Undergraduate,Off-Campus,Scholarship,Partial,18.71
V-2334,2022-05-19,UMass Amherst,01003,MA,Undergraduate,Off-Campus,Pell Grant,None,16.53
V-2335,2024-01-24,Ohio State,43210,OH,Undergraduate,Off-Campus,Scholarship,None,9.11
V-2336,2024-06-10,UF Gainesville,32611,FL,Undergraduate,Off-Campus,None,None,14.7
V-2337,2023-04-05,Ohio State,43210,OH,Undergraduate,Off-Campus,Scholarship,None,15.72
V-2338,2023-07-24,UC Irvine,92697,CA,Undergraduate,Off-Campus,None,Partial,11.39
V-2339,2020-07-11,UMass Amherst,01003,MA,Undergraduate,Off-Campus,None,None,19.2
V-2340,2023-04-01,UW Seattle,98195,WA,Graduate,Off-Campus,None,Partial,19.29
V-2341,2024-07-05,Arizona State,85281,AZ,Graduate,Off-Campus,None,Partial,15.12
V-2342,2022-09-08,UF Gainesville,32611,FL,Undergraduate,On-Campus,None,Partial,12.61
V-2343,2023-06-28,Ohio State,43210,OH,Undergraduate,Off-Campus,None,None,16.47
V-2344,2024-08-29,Michigan State,48824,MI,Undergraduate,Off-Campus,None,None,12.27
V-2345,2023-09-08,Ohio State,43210,OH,Graduate,Off-Campus,None,None,20.39
V-2346,2024-04-08,UMass Amherst,01003,MA,Graduate,Off-Campus,Pell Grant,None,15.0
V-2347,2022-10-21,Ohio State,43210,OH,Undergraduate,Off-Campus,Scholarship,Full,12.49
V-2348,2023-08-15,Georgia Tech,30332,GA,Undergraduate,Off-Campus,Scholarship,None,14.96
V-2349,2023-05-01,Ohio State,43210,OH,Undergraduate,Off-Campus,Scholarship,Partial,14.32
V-2350,2023-05-25,Texas A&M,77843,TX,Undergraduate,Off-Campus,Pell Grant,None,17.95
V-2351,2021-04-14,Georgia Tech,30332,GA,Undergraduate,Off-Campus,Scholarship,Partial,9.13
V-2352,2021-11-24,Ohio State,43210,OH,Undergraduate,Off-Campus,Scholarship,None,14.96
V-2353,2020-07-01,Arizona State,85281,AZ,Graduate,Off-Campus,None,Partial,20.67
V-2354,2022-02-13,UW Seattle,98195,WA,Graduate,Off-Campus,Pell Grant,None,16.9
V-2355,2022-02-12,UF Gainesville,32611,FL,Undergraduate,On-Campus,None,Full,10.21
V-2356,2021-01-23,Rutgers,08901,NJ,Graduate,On-Campus,Scholarship,Partial,25.67
V-2357,2023-04-25,Michigan State,48824,MI,Graduate,On-Campus,Pell Grant,None,19.45
V-2358,2023-06-28,Georgia Tech,30332,GA,Graduate,On-Campus,None,Partial,22.42
V-2359,2023-11-30,UMass Amherst,01003,MA,Graduate,On-Campus,Pell Grant,Partial,22.94
V-2360,2024-05-12,Rutgers,08901,NJ,Undergraduate,On-Campus,None,None,9.89
V-2361,2023-05-05,Texas A&M,77843,TX,Undergraduate,Off-Campus,Scholarship,Partial,15.5
V-2362,2023-09-03,Rutgers,08901,NJ,Undergraduate,Off-Campus,Scholarship,None,15.56
V-2363,2021-02-10,Michigan State,48824,MI,Undergraduate,On-Campus,Scholarship,Partial,19.74
V-2364,2022-08-04,UF Gainesville,32611,FL,Undergraduate,Off-Campus,None,None,14.69
V-2365,2023-02-13,Michigan State,48824,MI,Undergraduate,Off-Campus,Scholarship,None,17.56
V-2366,2022-03-16,Ohio State,43210,OH,Undergraduate,Off-Campus,None,None,17.01
V-2367,2023-06-22,UC Irvine,92697,CA,Graduate,On-Campus,Pell Grant,Partial,19.7
V-2368,2023-10-20,Ohio State,43210,OH,Undergraduate,On-Campus,None,Full,23.61
V-2369,2022-02-13,Texas A&M,77843,TX,Undergraduate,Off-Campus,None,None,10.69
V-2370,2023-07-28,Ohio State,43210,OH,Undergraduate,Off-Campus,Pell Grant,Partial,8.4
V-2371,2023-06-05,Texas A&M,77843,TX,Undergraduate,Off-Campus,None,Partial,6.6
V-2372,2024-05-19,Arizona State,85281,AZ,Undergraduate,On-Campus,None,None,13.59
V-2373,2020-08-17,UMass Amherst,01003,MA,Undergraduate,Off-Campus,Pell Grant,Partial,5.41
V-2374,2022-05-02,Georgia Tech,30332,GA,Undergraduate,Off-Campus,Scholarship,None,11.11
V-2375,2022-12-24,Georgia Tech,30332,GA,Undergraduate,On-Campus,Scholarship,Partial,14.4
V-2376,2024-05-01,UMass Amherst,01003,MA,Graduate,On-Campus,Pell Grant,Partial,22.48
V-2377,2022-09-21,Georgia Tech,30332,GA,Undergraduate,On-Campus,Pell Grant,None,12.67
V-2378,2023-06-11,Georgia Tech,30332,GA,Undergraduate,On-Campus,None,Partial,11.96
V-2379,2021-09-14,UF Gainesville,32611,FL,Undergraduate,Off-Campus,Scholarship,Partial,11.39
V-2380,2021-02-16,UMass Amherst,01003,MA,Graduate,Off-Campus,Pell Grant,Partial,21.07
V-2381,2024-02-16,UC Irvine,92697,CA,Undergraduate,Off-Campus,Pell Grant,None,11.15
V-2382,2023-11-19,Georgia Tech,30332,GA,Undergraduate,Off-Campus,None,Full,12.33
V-2383,2022-04-15,Michigan State,48824,MI,Graduate,Off-Campus,Pell Grant,None,21.15
V-2384,2022-05-14,Texas A&M,77843,TX,Undergraduate,On-Campus,Pell Grant,None,14.29
V-2385,2023-02-11,UMass Amherst,01003,MA,Undergraduate,Off-Campus,Scholarship,None,7.85
V-2386,2022-07-17,Georgia Tech,30332,GA,Graduate,Off-Campus,None,None,24.23
V-2387,2023-10-22,Rutgers,08901,NJ,Undergraduate,On-Campus,None,None,13.18
V-2388,2022-05-11,UC Irvine,92697,CA,Undergraduate,Off-Campus,Pell Grant,None,9.3
V-2389,2023-01-09,UMass Amherst,01003,MA,Undergraduate,On-Campus,None,None,8.97
V-2390,2024-05-29,UF Gainesville,32611,FL,Undergraduate,On-Campus,None,Partial,19.79
V-2391,2023-01-07,Texas A&M,77843,TX,Graduate,On-Campus,Pell Grant,None,11.85
V-2392,2021-11-15,UMass Amherst,01003,MA,Undergraduate,Off-Campus,Pell Grant,Partial,15.17
V-2393,2023-12-18,Ohio State,43210,OH,Undergraduate,Off-Campus,Pell Grant,None,18.56
V-2394,2024-01-14,Rutgers,08901,NJ,Undergraduate,Off-Campus,Scholarship,None,13.67
V-2395,2023-04-29,Texas A&M,77843,TX,Undergraduate,Off-Campus,Pell Grant,Full,21.02
V-2396,2021-09-14,Georgia Tech,30332,GA,Graduate,Off-Campus,Pell Grant,None,15.41
V-2397,2023-07-18,UW Seattle,98195,WA,Undergraduate,Off-Campus,Pell Grant,Partial,16.98
V-2398,2022-01-14,Georgia Tech,30332,GA,Undergraduate,Off-Campus,None,None,14.08
V-2399,2021-09-16,UF Gainesville,32611,FL,Undergraduate,Off-Campus,Pell Grant,Full,20.35
V-2400,2021-03-25,UC Irvine,92697,CA,Undergraduate,Off-Campus,Pell Grant,None,11.86
V-2401,2022-07-13,Rutgers,08901,NJ,Undergraduate,Off-Campus,Pell Grant,None,15.73
V-2402,2021-05-19,UC Irvine,92697,CA,Undergraduate,On-Campus,Pell Grant,Partial,13.53
V-2403,2023-04-26,Arizona State,85281,AZ,Undergraduate,On-Campus,Pell Grant,None,8.55
V-2404,2022-02-08,Georgia Tech,30332,GA,Undergraduate,Off-Campus,Pell Grant,None,13.1
V-2405,2022-01-21,Texas A&M,77843,TX,Undergraduate,On-Campus,Scholarship,None,11.27
V-2406,2021-12-29,Michigan State,48824,MI,Undergraduate,Off-Campus,Scholarship,Partial,14.05
V-2407,2023-03-05,Georgia Tech,30332,GA,Undergraduate,Off-Campus,Pell Grant,None,16.32
V-2408,2022-09-28,Georgia Tech,30332,GA,Undergraduate,Off-Campus,None,None,19.56
V-2409,2023-07-20,Arizona State,85281,AZ,Undergraduate,Off-Campus,Scholarship,Partial,5.52
V-2410,2023-07-25,UC Irvine,92697,CA,Undergraduate,Off-Campus,Scholarship,Full,14.85
V-2411,2022-09-24,Texas A&M,77843,TX,Undergraduate,Off-Campus,Pell Grant,None,9.0
V-2412,2024-01-31,UF Gainesville,32611,FL,Undergraduate,On-Campus,None,Partial,17.46
V-2413,2021-06-11,Michigan State,48824,MI,Graduate,On-Campus,Scholarship,None,28.03
V-2414,2023-04-24,Georgia Tech,30332,GA,Undergraduate,On-Campus,Pell Grant,Partial,13.31
V-2415,2021-08-10,Arizona State,85281,AZ,Undergraduate,On-Campus,Scholarship,None,10.13
V-2416,2023-07-16,Arizona State,85281,AZ,Undergraduate,Off-Campus,None,None,12.94
V-2417,2024-03-08,UMass Amherst,01003,MA,Undergraduate,On-Campus,Pell Grant,None,10.21
V-2418,2021-12-03,Georgia Tech,30332,GA,Undergraduate,On-Campus,Scholarship,Full,2.8
V-2419,2020-07-28,UW Seattle,98195,WA,Undergraduate,On-Campus,None,None,13.5
V-2420,2023-10-25,Georgia Tech,30332,GA,Undergraduate,Off-Campus,Pell Grant,None,14.87
V-2421,2023-03-09,Texas A&M,77843,TX,Undergraduate,On-Campus,Scholarship,Partial,11.49
V-2422,2023-05-16,UF Gainesville,32611,FL,Graduate,Off-Campus,Pell Grant,None,16.31
V-2423,2020-06-04,Georgia Tech,30332,GA,Graduate,On-Campus,Pell Grant,None,21.69
V-2424,2023-08-15,Ohio State,43210,OH,Undergraduate,Off-Campus,None,None,19.88
V-2425,2023-11-28,UMass Amherst,01003,MA,Undergraduate,Off-Campus,Scholarship,None,15.66
V-2426,2023-12-25,Texas A&M,77843,TX,Graduate,Off-Campus,Scholarship,None,12.84
V-2427,2023-10-24,UMass Amherst,01003,MA,Undergraduate,On-Campus,Pell Grant,None,14.3
V-2428,2022-11-09,UMass Amherst,01003,MA,Graduate,Off-Campus,Scholarship,None,21.62
V-2429,2024-02-17,UC Irvine,92697,CA,Undergraduate,Off-Campus,Pell Grant,Partial,14.11
V-2430,2022-11-26,UW Seattle,98195,WA,Undergraduate,On-Campus,Pell Grant,Partial,13.58
V-2431,2023-11-07,UC Irvine,92697,CA,Graduate,Off-Campus,Pell Grant,None,18.29
V-2432,2024-03-18,UW Seattle,98195,WA,Graduate,Off-Campus,Scholarship,Full,20.27
V-2433,2023-02-17,Georgia Tech,30332,GA,Undergraduate,Off-Campus,None,None,18.27
V-2434,2024-08-02,Rutgers,08901,NJ,Undergraduate,Off-Campus,None,None,16.44
V-2435,2021-02-26,Michigan State,48824,MI,Undergraduate,On-Campus,Scholarship,Partial,10.69
V-2436,2022-08-10,UMass Amherst,01003,MA,Graduate,Off-Campus,None,None,18.91
V-2437,2024-12-08,Texas A&M,77843,TX,Graduate,Off-Campus,Pell Grant,Partial,27.34
V-2438,2023-03-07,Georgia Tech,30332,GA,Graduate,Off-Campus,None,Full,16.23
V-2439,2022-07-08,Georgia Tech,30332,GA,Undergraduate,Off-Campus,Pell Grant,Full,11.26
V-2440,2022-08-06,Arizona State,85281,AZ,Undergraduate,Off-Campus,Pell Grant,Partial,13.33
V-2441,2022-11-24,Arizona State,85281,AZ,Graduate,Off-Campus,Scholarship,None,17.85
V-2442,2023-08-14,Georgia Tech,30332,GA,Graduate,Off-Campus,Pell Grant,None,26.05
V-2443,2020-05-22,Georgia Tech,30332,GA,Graduate,On-Campus,Scholarship,None,22.18
V-2444,2021-12-25,Michigan State,48824,MI,Undergraduate,Off-Campus,Pell Grant,None,12.75
V-2445,2020-04-23,Arizona State,85281,AZ,Graduate,Off-Campus,Pell Grant,None,26.69
V-2446,2023-11-08,UC Irvine,92697,CA,Graduate,Off-Campus,None,None,22.16
V-2447,2021-02-04,UMass Amherst,01003,MA,Graduate,Off-Campus,None,None,24.93
V-2448,2023-09-27,Ohio State,43210,OH,Undergraduate,Off-Campus,Scholarship,Partial,20.58
V-2449,2023-09-12,Texas A&M,77843,TX,Undergraduate,Off-Campus,Pell Grant,Partial,16.62
V-2450,2023-11-06,Rutgers,08901,NJ,Undergraduate,Off-Campus,Pell Grant,None,10.5
V-2451,2023-06-26,Arizona State,85281,AZ,Undergraduate,Off-Campus,None,Full,15.02
V-2452,2023-05-08,Arizona State,85281,AZ,Graduate,Off-Campus,None,Partial,17.8
V-2453,2021-11-17,UMass Amherst,01003,MA,Undergraduate,On-Campus,Pell Grant,Partial,15.62
V-2454,2024-02-29,Texas A&M,77843,TX,Undergraduate,On-Campus,None,None,16.76
V-2455,2023-09-19,UMass Amherst,01003,MA,Undergraduate,Off-Campus,None,Partial,15.85
V-2456,2023-04-15,Ohio State,43210,OH,Undergraduate,On-Campus,Pell Grant,Partial,17.77
V-2457,2023-03-28,Michigan State,48824,MI,Undergraduate,Off-Campus,Pell Grant,Full,15.83
V-2458,2023-05-20,UF Gainesville,32611,FL,Graduate,Off-Campus,None,None,20.34
V-2459,2023-08-08,UW Seattle,98195,WA,Undergraduate,Off-Campus,Scholarship,Partial,10.01
V-2460,2022-03-19,Rutgers,08901,NJ,Undergraduate,Off-Campus,None,None,11.25
V-2461,2022-02-02,Ohio State,43210,OH,Undergraduate,Off-Campus,Scholarship,None,9.64
V-2462,2021-12-21,Texas A&M,77843,TX,Undergraduate,Off-Campus,None,Full,16.98
V-2463,2023-01-11,Texas A&M,77843,TX,Undergraduate,Off-Campus,Pell Grant,Partial,13.8
V-2464,2021-11-04,Rutgers,08901,NJ,Undergraduate,Off-Campus,None,None,14.36
V-2465,2022-08-19,Arizona State,85281,AZ,Undergraduate,Off-Campus,Pell Grant,None,12.19
V-2466,2023-11-28,Arizona State,85281,AZ,Undergraduate,Off-Campus,Scholarship,Partial,19.56
V-2467,2022-03-21,Texas A&M,77843,TX,Undergraduate,Off-Campus,Pell Grant,None,16.16
V-2468,2023-07-16,Georgia Tech,30332,GA,Undergraduate,Off-Campus,None,None,15.23
V-2469,2023-05-24,Michigan State,48824,MI,Undergraduate,Off-Campus,Pell Grant,Partial,14.5
V-2470,2022-06-04,UC Irvine,92697,CA,Undergraduate,Off-Campus,Scholarship,Partial,10.67
V-2471,2023-07-18,UMass Amherst,01003,MA,Undergraduate,Off-Campus,None,Partial,12.4
V-2472,2021-12-27,UC Irvine,92697,CA,Undergraduate,Off-Campus,Pell Grant,Partial,7.49
V-2473,2023-06-18,Georgia Tech,30332,GA,Undergraduate,On-Campus,Pell Grant,Full,17.24
V-2474,2023-11-20,Georgia Tech,30332,GA,Undergraduate,Off-Campus,Pell Grant,None,17.96
V-2475,2021-11-04,Georgia Tech,30332,GA,Undergraduate,Off-Campus,None,Partial,16.51
V-2476,2021-04-06,Georgia Tech,30332,GA,Undergraduate,Off-Campus,Pell Grant,Partial,9.21
V-2477,2022-10-18,Michigan State,48824,MI,Undergraduate,Off-Campus,Pell Grant,None,19.98
V-2478,2020-10-01,Arizona State,85281,AZ,Undergraduate,Off-Campus,Scholarship,None,11.27
V-2479,2023-03-05,UMass Amherst,01003,MA,Undergraduate,Off-Campus,None,None,16.51
V-2480,2020-11-02,UMass Amherst,01003,MA,Undergraduate,Off-Campus,Scholarship,None,7.73
V-2481,2024-03-12,Rutgers,08901,NJ,Undergraduate,Off-Campus,None,None,20.02
V-2482,2024-02-25,Georgia Tech,30332,GA,Undergraduate,Off-Campus,Scholarship,None,18.01
V-2483,2024-11-28,UC Irvine,92697,CA,Graduate,On-Campus,Scholarship,None,20.76
V-2484,2023-12-03,Rutgers,08901,NJ,Undergraduate,Off-Campus,None,None,13.26
V-2485,2023-03-25,UC Irvine,92697,CA,Undergraduate,Off-Campus,None,Partial,17.16
V-2486,2021-02-06,UC Irvine,92697,CA,Undergraduate,Off-Campus,Pell Grant,Partial,17.53
V-2487,2023-11-10,Michigan State,48824,MI,Undergraduate,Off-Campus,Pell Grant,Partial,11.84
V-2488,2024-01-13,Texas A&M,77843,TX,Undergraduate,Off-Campus,Pell Grant,Partial,14.84
V-2489,2021-07-14,Ohio State,43210,OH,Undergraduate,On-Campus,None,Partial,11.21
V-2490,2020-08-20,Texas A&M,77843,TX,Graduate,Off-Campus,Pell Grant,Partial,23.37
V-2491,2023-03-15,Michigan State,48824,MI,Undergraduate,On-Campus,Scholarship,None,12.17
V-2492,2022-05-18,UW Seattle,98195,WA,Undergraduate,Off-Campus,Pell Grant,Partial,9.1
V-2493,2020-07-05,Georgia Tech,30332,GA,Undergraduate,Off-Campus,Scholarship,Full,15.18
V-2494,2023-09-25,UC Irvine,92697,CA,Undergraduate,On-Campus,None,None,20.33
V-2495,2020-11-02,UW Seattle,98195,WA,Undergraduate,Off-Campus,Scholarship,None,15.19
V-2496,2023-12-17,UW Seattle,98195,WA,Graduate,On-Campus,None,Partial,25.45
V-2497,2023-05-12,UF Gainesville,32611,FL,Undergraduate,Off-Campus,Pell Grant,None,22.77
V-2498,2024-01-22,UC Irvine,92697,CA,Undergraduate,Off-Campus,None,None,21.78
V-2499,2024-10-24,Texas A&M,77843,TX,Undergraduate,On-Campus,None,None,22.87
V-2500,2023-09-17,Arizona State,85281,AZ,Graduate,Off-Campus,None,Partial,28.04
V-2501,2022-08-27,UMass Amherst,01003,MA,Undergraduate,On-Campus,None,None,12.16
V-2502,2022-01-13,Arizona State,85281,AZ,Graduate,Off-Campus,None,None,22.44
V-2503,2024-05-05,Arizona State,85281,AZ,Graduate,On-Campus,Pell Grant,None,22.11
V-2504,2022-06-27,Ohio State,43210,OH,Undergraduate,Off-Campus,None,None,8.11
V-2505,2024-11-24,Ohio State,43210,OH,Undergraduate,Off-Campus,Pell Grant,None,16.49
V-2506,2024-09-13,Texas A&M,77843,TX,Graduate,Off-Campus,Scholarship,None,26.24
V-2507,2023-08-07,Texas A&M,77843,TX,Undergraduate,Off-Campus,None,None,17.08
V-2508,2023-04-11,UW Seattle,98195,WA,Undergraduate,On-Campus,None,None,14.36
V-2509,2023-06-30,Georgia Tech,30332,GA,Graduate,Off-Campus,Pell Grant,None,18.18
V-2510,2023-07-02,Ohio State,43210,OH,Graduate,Off-Campus,None,None,23.03
V-2511,2021-09-27,Michigan State,48824,MI,Undergraduate,Off-Campus,None,None,12.75
V-2512,2023-01-04,UC Irvine,92697,CA,Undergraduate,Off-Campus,Pell Grant,None,18.86
V-2513,2023-06-05,Rutgers,08901,NJ,Graduate,Off-Campus,None,Partial,25.05
V-2514,2022-03-26,Ohio State,43210,OH,Undergraduate,On-Campus,Pell Grant,None,15.4
V-2515,2023-04-17,UC Irvine,92697,CA,Graduate,On-Campus,None,Partial,16.55
V-2516,2021-10-19,Rutgers,08901,NJ,Undergraduate,Off-Campus,Scholarship,Partial,11.85
V-2517,2023-06-23,Rutgers,08901,NJ,Undergraduate,Off-Campus,Scholarship,Partial,22.06
V-2518,2023-12-17,UMass Amherst,01003,MA,Undergraduate,Off-Campus,None,None,17.26
V-2519,2023-07-23,UMass Amherst,01003,MA,Undergraduate,On-Campus,Pell Grant,None,20.17
V-2520,2023-12-18,UW Seattle,98195,WA,Undergraduate,Off-Campus,Pell Grant,None,11.25
V-2521,2022-09-11,Arizona State,85281,AZ,Graduate,Off-Campus,None,Full,32.4
V-2522,2021-09-01,Arizona State,85281,AZ,Undergraduate,Off-Campus,Pell Grant,Partial,6.72
V-2523,2024-04-20,Georgia Tech,30332,GA,Undergraduate,Off-Campus,None,None,17.6
V-2524,2023-04-01,UMass Amherst,01003,MA,Undergraduate,Off-Campus,Pell Grant,Partial,7.64
V-2525,2020-12-20,Ohio State,43210,OH,Undergraduate,On-Campus,Pell Grant,Full,17.23
V-2526,2020-10-03,Arizona State,85281,AZ,Undergraduate,Off-Campus,None,Partial,9.38
V-2527,2023-04-25,Michigan State,48824,MI,Graduate,Off-Campus,Scholarship,None,20.06
V-2528,2024-02-15,Rutgers,08901,NJ,Undergraduate,Off-Campus,None,None,16.63
V-2529,2021-12-15,Georgia Tech,30332,GA,Undergraduate,On-Campus,Pell Grant,Full,16.76
V-2530,2024-01-20,UF Gainesville,32611,FL,Undergraduate,Off-Campus,None,None,14.58
V-2531,2023-08-28,Georgia Tech,30332,GA,Undergraduate,Off-Campus,Scholarship,Full,15.77
V-2532,2022-04-11,Ohio State,43210,OH,Undergraduate,Off-Campus,Pell Grant,None,14.98
V-2533,2022-11-25,Georgia Tech,30332,GA,Undergraduate,On-Campus,Pell Grant,None,14.62
V-2534,2023-12-30,UC Irvine,92697,CA,Undergraduate,Off-Campus,Pell Grant,Partial,14.47
V-2535,2021-02-06,Arizona State,85281,AZ,Undergraduate,On-Campus,Pell Grant,None,10.94
V-2536,2024-08-24,Arizona State,85281,AZ,Undergraduate,Off-Campus,Pell Grant,None,17.09
V-2537,2024-05-22,UC Irvine,92697,CA,Undergraduate,Off-Campus,Pell Grant,Partial,16.75
V-2538,2021-03-29,Rutgers,08901,NJ,Graduate,Off-Campus,Pell Grant,None,16.33
V-2539,2021-12-14,Texas A&M,77843,TX,Undergraduate,Off-Campus,Pell Grant,None,12.85
V-2540,2022-01-14,Georgia Tech,30332,GA,Undergraduate,On-Campus,Scholarship,Full,6.71
V-2541,2021-05-08,Rutgers,08901,NJ,Undergraduate,Off-Campus,None,None,12.16
V-2542,2021-09-27,UW Seattle,98195,WA,Undergraduate,Off-Campus,Scholarship,Partial,6.58
V-2543,2023-11-01,Ohio State,43210,OH,Undergraduate,Off-Campus,Pell Grant,None,13.22
V-2544,2022-06-06,UF Gainesville,32611,FL,Undergraduate,Off-Campus,None,None,9.88
V-2545,2021-07-13,UF Gainesville,32611,FL,Undergraduate,Off-Campus,Pell Grant,Partial,10.18
V-2546,2022-02-25,UF Gainesville,32611,FL,Undergraduate,Off-Campus,Pell Grant,None,19.2
V-2547,2021-01-23,Ohio State,43210,OH,Undergraduate,Off-Campus,Pell Grant,Partial,8.3
V-2548,2021-12-13,Ohio State,43210,OH,Undergraduate,On-Campus,Pell Grant,None,12.04
V-2549,2022-06-28,UF Gainesville,32611,FL,Undergraduate,Off-Campus,Pell Grant,None,15.32
V-2550,2024-01-22,UF Gainesville,32611,FL,Undergraduate,On-Campus,None,None,7.58
V-2551,2023-03-12,Arizona State,85281,AZ,Undergraduate,On-Campus,Scholarship,None,13.96
V-2552,2023-11-07,Michigan State,48824,MI,Undergraduate,Off-Campus,Pell Grant,Partial,16.03
V-2553,2023-01-09,Rutgers,08901,NJ,Undergraduate,Off-Campus,Pell Grant,None,10.17
V-2554,2021-08-12,UMass Amherst,01003,MA,Undergraduate,On-Campus,None,None,7.59
V-2555,2022-12-21,UW Seattle,98195,WA,Undergraduate,On-Campus,Scholarship,Partial,17.5
V-2556,2021-03-21,Michigan State,48824,MI,Undergraduate,On-Campus,Pell Grant,Partial,5.43
V-2557,2023-11-29,Michigan State,48824,MI,Undergraduate,Off-Campus,Scholarship,None,13.55
V-2558,2021-01-05,Ohio State,43210,OH,Graduate,Off-Campus,None,None,14.07
V-2559,2023-08-16,Arizona State,85281,AZ,Graduate,Off-Campus,Scholarship,Partial,11.61
V-2560,2023-03-23,UF Gainesville,32611,FL,Undergraduate,On-Campus,Pell Grant,Partial,19.1
V-2561,2024-01-19,UF Gainesville,32611,FL,Graduate,Off-Campus,None,None,23.97
V-2562,2022-05-20,UMass Amherst,01003,MA,Undergraduate,Off-Campus,Pell Grant,Full,18.8
V-2563,2024-10-18,Texas A&M,77843,TX,Undergraduate,Off-Campus,None,None,16.39
V-2564,2024-02-27,Michigan State,48824,MI,Undergraduate,Off-Campus,None,None,10.59
V-2565,2022-12-22,Arizona State,85281,AZ,Undergraduate,Off-Campus,Pell Grant,None,12.38
V-2566,2023-09-02,Georgia Tech,30332,GA,Undergraduate,On-Campus,None,None,2.0
V-2567,2023-12-18,Georgia Tech,30332,GA,Undergraduate,Off-Campus,Pell Grant,None,9.3
V-2568,2022-07-23,UC Irvine,92697,CA,Undergraduate,On-Campus,None,None,12.95
V-2569,2022-06-09,UF Gainesville,32611,FL,Graduate,Off-Campus,None,None,24.17
V-2570,2022-11-12,Ohio State,43210,OH,Undergraduate,On-Campus,Scholarship,None,12.33
V-2571,2021-11-19,UW Seattle,98195,WA,Undergraduate,Off-Campus,Pell Grant,None,14.89
V-2572,2024-06-20,Arizona State,85281,AZ,Undergraduate,Off-Campus,Pell Grant,Partial,16.62
V-2573,2023-03-28,UMass Amherst,01003,MA,Undergraduate,Off-Campus,Scholarship,Partial,9.57
V-2574,2022-12-23,Ohio State,43210,OH,Undergraduate,Off-Campus,Pell Grant,None,9.45
V-2575,2023-03-01,Michigan State,48824,MI,Undergraduate,Off-Campus,None,Full,17.17
V-2576,2022-08-05,UC Irvine,92697,CA,Undergraduate,Off-Campus,Pell Grant,None,10.51
V-2577,2023-03-19,UMass Amherst,01003,MA,Graduate,On-Campus,Pell Grant,Partial,22.18
V-2578,2021-10-30,UW Seattle,98195,WA,Graduate,Off-Campus,Scholarship,Partial,15.83
V-2579,2021-10-26,Arizona State,85281,AZ,Undergraduate,Off-Campus,None,None,10.6
V-2580,2023-12-03,UW Seattle,98195,WA,Undergraduate,Off-Campus,None,None,16.66
V-2581,2024-08-07,UF Gainesville,32611,FL,Undergraduate,Off-Campus,Pell Grant,None,14.92
V-2582,2023-03-20,Georgia Tech,30332,GA,Undergraduate,Off-Campus,Scholarship,None,13.17
V-2583,2023-10-31,Arizona State,85281,AZ,Undergraduate,On-Campus,Pell Grant,None,11.08
V-2584,2022-07-30,Rutgers,08901,NJ,Undergraduate,Off-Campus,Pell Grant,None,14.53
V-2585,2023-12-27,Ohio State,43210,OH,Undergraduate,Off-Campus,Pell Grant,None,11.81
V-2586,2023-10-29,UW Seattle,98195,WA,Undergraduate,On-Campus,Pell Grant,None,17.14
V-2587,2021-12-30,Texas A&M,77843,TX,Undergraduate,On-Campus,None,Partial,9.69
V-2588,2021-12-26,Rutgers,08901,NJ,Undergraduate,Off-Campus,Pell Grant,Partial,12.15
V-2589,2022-03-08,Arizona State,85281,AZ,Undergraduate,On-Campus,Pell Grant,None,15.9
V-2590,2020-02-09,Georgia Tech,30332,GA,Undergraduate,Off-Campus,Pell Grant,Partial,13.27
V-2591,2023-05-15,Texas A&M,77843,TX,Undergraduate,On-Campus,Pell Grant,None,16.2
V-2592,2023-09-10,Michigan State,48824,MI,Undergraduate,Off-Campus,Pell Grant,Partial,14.39
V-2593,2022-07-09,UW Seattle,98195,WA,Undergraduate,On-Campus,Scholarship,None,9.28
V-2594,2021-04-20,Arizona State,85281,AZ,Undergraduate,Off-Campus,None,Partial,16.36
V-2595,2020-11-06,Michigan State,48824,MI,Graduate,Off-Campus,None,Partial,18.57
V-2596,2022-04-18,UMass Amherst,01003,MA,Undergraduate,Off-Campus,None,None,11.21
V-2597,2024-03-29,UMass Amherst,01003,MA,Undergraduate,Off-Campus,Pell Grant,None,12.46
V-2598,2022-11-28,UC Irvine,92697,CA,Undergraduate,Off-Campus,Pell Grant,None,20.69
V-2599,2021-09-02,UF Gainesville,32611,FL,Undergraduate,Off-Campus,None,None,12.51
V-2600,2022-12-20,Rutgers,08901,NJ,Graduate,On-Campus,Scholarship,None,28.13
V-2601,2025-01-09,Ohio State,43210,OH,Undergraduate,Off-Campus,None,Partial,10.42
V-2602,2023-09-30,Texas A&M,77843,TX,Undergraduate,Off-Campus,Scholarship,None,19.69
V-2603,2021-10-03,Arizona State,85281,AZ,Undergraduate,Off-Campus,Scholarship,None,11.94
V-2604,2020-09-28,UC Irvine,92697,CA,Undergraduate,On-Campus,None,Partial,10.2
V-2605,2023-01-15,UMass Amherst,01003,MA,Graduate,Off-Campus,Scholarship,None,15.99
V-2606,2023-05-03,Georgia Tech,30332,GA,Undergraduate,Off-Campus,None,Partial,14.75
V-2607,2023-01-05,Michigan State,48824,MI,Undergraduate,Off-Campus,None,None,17.96
V-2608,2020-12-14,UF Gainesville,32611,FL,Undergraduate,Off-Campus,Pell Grant,Full,12.99
V-2609,2022-10-25,Georgia Tech,30332,GA,Undergraduate,Off-Campus,None,None,12.2
V-2610,2023-12-20,UC Irvine,92697,CA,Undergraduate,On-Campus,None,Partial,8.96
V-2611,2020-12-12,Georgia Tech,30332,GA,Undergraduate,Off-Campus,Scholarship,None,11.55
V-2612,2023-08-16,Georgia Tech,30332,GA,Undergraduate,On-Campus,None,None,15.9
V-2613,2022-04-03,UC Irvine,92697,CA,Undergraduate,Off-Campus,Scholarship,Partial,10.23
V-2614,2021-10-09,Texas A&M,77843,TX,Undergraduate,On-Campus,None,None,18.3
V-2615,2022-08-30,Ohio State,43210,OH,Undergraduate,On-Campus,None,None,12.18
V-2616,2023-09-11,Georgia Tech,30332,GA,Undergraduate,Off-Campus,None,None,16.26
V-2617,2022-01-26,Michigan State,48824,MI,Undergraduate,Off-Campus,Pell Grant,Full,11.87
V-2618,2023-07-02,Arizona State,85281,AZ,Undergraduate,Off-Campus,None,Partial,17.77
V-2619,2022-08-24,Michigan State,48824,MI,Graduate,On-Campus,Scholarship,Full,20.57
V-2620,2021-02-03,Michigan State,48824,MI,Graduate,On-Campus,None,None,25.01
V-2621,2022-01-22,Texas A&M,77843,TX,Graduate,Off-Campus,Scholarship,None,20.2
V-2622,2022-07-01,Ohio State,43210,OH,Undergraduate,Off-Campus,Scholarship,Partial,16.02
V-2623,2022-03-11,Arizona State,85281,AZ,Undergraduate,On-Campus,Scholarship,Partial,14.54
V-2624,2023-04-29,Arizona State,85281,AZ,Undergraduate,Off-Campus,Scholarship,Partial,9.97
V-2625,2023-12-31,UMass Amherst,01003,MA,Undergraduate,Off-Campus,Pell Grant,Full,19.79
V-2626,2024-06-11,UMass Amherst,01003,MA,Undergraduate,Off-Campus,Pell Grant,None,16.88
V-2627,2022-03-29,Rutgers,08901,NJ,Graduate,On-Campus,None,None,21.93
V-2628,2022-04-04,Arizona State,85281,AZ,Undergraduate,Off-Campus,None,None,17.77
V-2629,2023-05-11,Ohio State,43210,OH,Undergraduate,Off-Campus,Pell Grant,Full,18.84
V-2630,2024-10-21,Rutgers,08901,NJ,Undergraduate,Off-Campus,Pell Grant,None,11.49
V-2631,2021-03-12,UC Irvine,92697,CA,Undergraduate,On-Campus,Pell Grant,None,7.84
V-2632,2022-10-30,Arizona State,85281,AZ,Undergraduate,Off-Campus,Pell Grant,Full,10.98
V-2633,2023-12-14,UMass Amherst,01003,MA,Undergraduate,On-Campus,Pell Grant,None,10.16
V-2634,2024-05-17,Rutgers,08901,NJ,Undergraduate,Off-Campus,Pell Grant,None,13.63
V-2635,2024-05-04,Ohio State,43210,OH,Graduate,Off-Campus,None,None,16.86
V-2636,2021-01-21,UMass Amherst,01003,MA,Undergraduate,Off-Campus,Scholarship,None,8.46
V-2637,2024-08-02,UF Gainesville,32611,FL,Undergraduate,Off-Campus,None,None,16.86
V-2638,2022-11-04,UF Gainesville,32611,FL,Undergraduate,Off-Campus,Pell Grant,Partial,7.68
V-2639,2022-12-02,UC Irvine,92697,CA,Undergraduate,On-Campus,Pell Grant,None,14.38
V-2640,2023-06-18,Texas A&M,77843,TX,Undergraduate,Off-Campus,Scholarship,Partial,18.07
V-2641,2023-03-27,UF Gainesville,32611,FL,Undergraduate,On-Campus,Scholarship,None,17.85
V-2642,2024-03-22,UF Gainesville,32611,FL,Undergraduate,On-Campus,Scholarship,Partial,17.64
V-2643,2021-01-01,Georgia Tech,30332,GA,Undergraduate,Off-Campus,Scholarship,None,15.6
V-2644,2020-05-08,Ohio State,43210,OH,Undergraduate,Off-Campus,Scholarship,None,14.82
V-2645,2022-09-23,Arizona State,85281,AZ,Undergraduate,Off-Campus,None,None,9.71
V-2646,2022-09-12,Arizona State,85281,AZ,Undergraduate,Off-Campus,Scholarship,None,13.08
V-2647,2023-07-15,UW Seattle,98195,WA,Undergraduate,On-Campus,None,Partial,17.21
V-2648,2022-03-20,Georgia Tech,30332,GA,Undergraduate,On-Campus,Pell Grant,None,11.76
V-2649,2022-06-27,Georgia Tech,30332,GA,Graduate,On-Campus,None,Full,18.02
V-2650,2022-10-15,Ohio State,43210,OH,Graduate,Off-Campus,None,None,21.15
V-2651,2022-04-13,Ohio State,43210,OH,Undergraduate,Off-Campus,Pell Grant,None,20.68
V-2652,2022-12-26,UC Irvine,92697,CA,Undergraduate,Off-Campus,Scholarship,None,17.51
V-2653,2022-10-20,Arizona State,85281,AZ,Undergraduate,Off-Campus,None,None,7.74
V-2654,2021-09-21,Georgia Tech,30332,GA,Undergraduate,Off-Campus,Pell Grant,Full,13.87
V-2655,2024-03-19,Arizona State,85281,AZ,Graduate,Off-Campus,Scholarship,Full,17.34
V-2656,2022-06-30,UC Irvine,92697,CA,Undergraduate,Off-Campus,Pell Grant,Partial,17.41
V-2657,2024-05-09,Texas A&M,77843,TX,Graduate,On-Campus,Pell Grant,None,26.49
V-2658,2023-11-27,UC Irvine,92697,CA,Undergraduate,On-Campus,Scholarship,None,22.76
V-2659,2024-03-12,Rutgers,08901,NJ,Graduate,Off-Campus,Scholarship,None,24.6
V-2660,2022-09-09,Texas A&M,77843,TX,Graduate,Off-Campus,Pell Grant,Partial,22.02
V-2661,2021-05-17,Arizona State,85281,AZ,Graduate,Off-Campus,None,None,21.13
V-2662,2023-03-26,Michigan State,48824,MI,Graduate,On-Campus,Pell Grant,None,16.47
V-2663,2024-09-11,UMass Amherst,01003,MA,Undergraduate,Off-Campus,None,Partial,15.37
V-2664,2021-12-20,Texas A&M,77843,TX,Undergraduate,Off-Campus,Scholarship,Full,14.17
V-2665,2023-08-30,UW Seattle,98195,WA,Undergraduate,Off-Campus,Pell Grant,None,12.21
V-2666,2020-10-06,Texas A&M,77843,TX,Graduate,Off-Campus,Scholarship,Partial,20.3
V-2667,2021-05-14,Georgia Tech,30332,GA,Undergraduate,Off-Campus,Scholarship,Partial,21.42
V-2668,2021-10-07,UF Gainesville,32611,FL,Undergraduate,On-Campus,None,None,6.44
V-2669,2024-05-23,Rutgers,08901,NJ,Undergraduate,On-Campus,Pell Grant,Full,17.84
V-2670,2023-11-24,Michigan State,48824,MI,Undergraduate,On-Campus,Pell Grant,None,14.86
V-2671,2022-07-04,Michigan State,48824,MI,Undergraduate,On-Campus,Pell Grant,None,15.81
V-2672,2020-12-14,UC Irvine,92697,CA,Undergraduate,On-Campus,Pell Grant,Full,13.28
V-2673,2022-11-17,UMass Amherst,01003,MA,Undergraduate,Off-Campus,Pell Grant,Partial,13.1
V-2674,2022-01-09,Ohio State,43210,OH,Undergraduate,Off-Campus,Pell Grant,Partial,7.95
V-2675,2023-03-26,Ohio State,43210,OH,Undergraduate,Off-Campus,Pell Grant,Full,17.2
V-2676,2022-07-20,Ohio State,43210,OH,Undergraduate,Off-Campus,Scholarship,None,15.76
V-2677,2022-12-09,Texas A&M,77843,TX,Graduate,On-Campus,Scholarship,None,22.09
V-2678,2022-07-09,UF Gainesville,32611,FL,Undergraduate,Off-Campus,Pell Grant,None,18.63
V-2679,2022-06-09,Arizona State,85281,AZ,Graduate,Off-Campus,Scholarship,None,17.88
V-2680,2021-12-11,Ohio State,43210,OH,Graduate,On-Campus,Pell Grant,Full,19.28
V-2681,2022-12-14,Ohio State,43210,OH,Undergraduate,Off-Campus,Scholarship,None,10.96
V-2682,2023-12-22,Michigan State,48824,MI,Undergraduate,Off-Campus,None,None,12.96
V-2683,2023-11-12,Michigan State,48824,MI,Undergraduate,Off-Campus,Pell Grant,Partial,9.89
V-2684,2023-11-30,UW Seattle,98195,WA,Undergraduate,Off-Campus,None,None,11.96
V-2685,2022-05-05,Georgia Tech,30332,GA,Undergraduate,Off-Campus,Pell Grant,None,4.93
V-2686,2024-05-11,Georgia Tech,30332,GA,Undergraduate,On-Campus,Pell Grant,Partial,16.83
V-2687,2020-10-07,UF Gainesville,32611,FL,Undergraduate,On-Campus,Scholarship,None,20.44
V-2688,2022-12-07,Michigan State,48824,MI,Graduate,Off-Campus,None,Partial,15.76
V-2689,2023-06-12,Arizona State,85281,AZ,Undergraduate,Off-Campus,Scholarship,Partial,13.51
V-2690,2024-08-11,Michigan State,48824,MI,Undergraduate,Off-Campus,None,None,22.58
V-2691,2021-02-10,Ohio State,43210,OH,Undergraduate,Off-Campus,None,None,14.89
V-2692,2022-10-01,Ohio State,43210,OH,Undergraduate,Off-Campus,None,None,15.27
V-2693,2024-05-23,UW Seattle,98195,WA,Undergraduate,Off-Campus,Pell Grant,Partial,11.89
V-2694,2023-06-17,UMass Amherst,01003,MA,Graduate,On-Campus,Scholarship,None,19.9
V-2695,2023-02-26,Michigan State,48824,MI,Undergraduate,Off-Campus,Scholarship,Partial,12.0
V-2696,2022-09-13,UC Irvine,92697,CA,Undergraduate,Off-Campus,Pell Grant,Partial,15.77
V-2697,2023-04-30,Arizona State,85281,AZ,Undergraduate,Off-Campus,Pell Grant,None,16.37
V-2698,2022-08-07,UW Seattle,98195,WA,Undergraduate,Off-Campus,Pell Grant,Partial,12.22
V-2699,2022-07-14,Georgia Tech,30332,GA,Undergraduate,Off-Campus,None,Partial,12.87
V-2700,2022-09-25,Georgia Tech,30332,GA,Graduate,On-Campus,Pell Grant,None,24.82
V-2701,2021-02-15,UC Irvine,92697,CA,Undergraduate,Off-Campus,Pell Grant,None,18.05
V-2702,2022-09-03,Rutgers,08901,NJ,Undergraduate,Off-Campus,None,None,12.63
V-2703,2023-12-05,Arizona State,85281,AZ,Undergraduate,On-Campus,None,Partial,13.74
V-2704,2020-11-14,UF Gainesville,32611,FL,Undergraduate,Off-Campus,Scholarship,None,7.9
V-2705,2024-02-12,Georgia Tech,30332,GA,Graduate,Off-Campus,Pell Grant,None,20.13
V-2706,2023-03-05,Texas A&M,77843,TX,Undergraduate,Off-Campus,Pell Grant,Partial,14.6
V-2707,2023-08-22,Ohio State,43210,OH,Undergraduate,Off-Campus,Pell Grant,None,8.61
V-2708,2024-07-06,UF Gainesville,32611,FL,Undergraduate,Off-Campus,Pell Grant,Full,17.03
V-2709,2024-05-15,Rutgers,08901,NJ,Undergraduate,Off-Campus,Scholarship,None,14.47
V-2710,2024-04-11,Texas A&M,77843,TX,Graduate,Off-Campus,Pell Grant,None,26.91
V-2711,2022-09-13,UF Gainesville,32611,FL,Undergraduate,On-Campus,None,None,19.88
V-2712,2023-09-12,Rutgers,08901,NJ,Undergraduate,On-Campus,None,None,22.92
V-2713,2022-10-13,Arizona State,85281,AZ,Undergraduate,Off-Campus,Scholarship,Full,15.63
V-2714,2023-08-22,Georgia Tech,30332,GA,Undergraduate,On-Campus,Scholarship,None,13.72
V-2715,2023-12-12,Rutgers,08901,NJ,Undergraduate,Off-Campus,Scholarship,None,16.25
V-2716,2023-02-16,Michigan State,48824,MI,Graduate,On-Campus,Pell Grant,None,19.57
V-2717,2022-08-14,Arizona State,85281,AZ,Undergraduate,Off-Campus,None,None,18.75
V-2718,2024-04-09,Georgia Tech,30332,GA,Undergraduate,Off-Campus,Pell Grant,Partial,18.04
V-2719,2022-12-16,Ohio State,43210,OH,Undergraduate,On-Campus,Scholarship,Partial,12.47
V-2720,2023-01-18,UW Seattle,98195,WA,Undergraduate,On-Campus,Pell Grant,None,17.13
V-2721,2022-06-05,Michigan State,48824,MI,Undergraduate,Off-Campus,Scholarship,None,6.88
V-2722,2020-11-03,Arizona State,85281,AZ,Undergraduate,On-Campus,Scholarship,Partial,18.7
V-2723,2022-07-02,UW Seattle,98195,WA,Undergraduate,On-Campus,None,Full,11.23
V-2724,2023-06-26,UW Seattle,98195,WA,Graduate,Off-Campus,Pell Grant,Full,26.17
V-2725,2022-03-12,UW Seattle,98195,WA,Undergraduate,Off-Campus,None,Partial,11.86
V-2726,2024-10-22,Michigan State,48824,MI,Undergraduate,On-Campus,Pell Grant,Partial,16.14
V-2727,2023-06-15,Ohio State,43210,OH,Undergraduate,On-Campus,Scholarship,Partial,13.42
V-2728,2023-07-12,UW Seattle,98195,WA,Undergraduate,On-Campus,None,Full,16.6
V-2729,2022-01-03,UMass Amherst,01003,MA,Graduate,Off-Campus,Pell Grant,None,15.0
V-2730,2022-05-11,UC Irvine,92697,CA,Graduate,On-Campus,Scholarship,None,10.89
V-2731,2021-09-13,UMass Amherst,01003,MA,Undergraduate,Off-Campus,Pell Grant,None,18.41
V-2732,2021-10-04,UW Seattle,98195,WA,Undergraduate,Off-Campus,None,None,19.39
V-2733,2024-03-12,Michigan State,48824,MI,Undergraduate,Off-Campus,Scholarship,Full,13.45
V-2734,2021-03-26,UF Gainesville,32611,FL,Undergraduate,Off-Campus,Pell Grant,Partial,9.62
V-2735,2020-07-19,Texas A&M,77843,TX,Undergraduate,Off-Campus,Pell Grant,None,11.54
V-2736,2023-06-17,Texas A&M,77843,TX,Undergraduate,Off-Campus,Scholarship,Partial,10.24
V-2737,2022-01-21,Texas A&M,77843,TX,Graduate,Off-Campus,Scholarship,None,21.02
V-2738,2020-08-27,UF Gainesville,32611,FL,Undergraduate,Off-Campus,Pell Grant,None,11.03
V-2739,2024-01-28,Texas A&M,77843,TX,Undergraduate,Off-Campus,Scholarship,None,13.23
V-2740,2024-04-30,UC Irvine,92697,CA,Undergraduate,Off-Campus,Scholarship,Partial,13.09
V-2741,2020-11-04,UW Seattle,98195,WA,Graduate,Off-Campus,Pell Grant,Full,18.25
V-2742,2023-03-23,UMass Amherst,01003,MA,Undergraduate,On-Campus,None,Partial,13.14
V-2743,2023-04-01,UF Gainesville,32611,FL,Undergraduate,Off-Campus,Scholarship,None,14.27
V-2744,2020-06-14,UMass Amherst,01003,MA,Undergraduate,Off-Campus,None,Full,9.65
V-2745,2020-11-07,Rutgers,08901,NJ,Graduate,Off-Campus,Pell Grant,None,22.7
V-2746,2023-04-06,Texas A&M,77843,TX,Graduate,Off-Campus,None,Partial,21.99
V-2747,2023-02-20,UW Seattle,98195,WA,Undergraduate,Off-Campus,None,None,14.21
V-2748,2022-03-26,UMass Amherst,01003,MA,Undergraduate,On-Campus,Pell Grant,Partial,9.71
V-2749,2024-03-22,Arizona State,85281,AZ,Undergraduate,Off-Campus,Pell Grant,None,19.12
V-2750,2022-08-09,Ohio State,43210,OH,Undergraduate,Off-Campus,Scholarship,None,11.56
V-2751,2022-10-11,Texas A&M,77843,TX,Undergraduate,Off-Campus,Pell Grant,None,14.5
V-2752,2023-12-11,Arizona State,85281,AZ,Undergraduate,Off-Campus,None,None,12.79
V-2753,2022-01-08,Michigan State,48824,MI,Undergraduate,Off-Campus,Pell Grant,Partial,16.24
V-2754,2023-11-23,Michigan State,48824,MI,Undergraduate,On-Campus,Scholarship,Full,7.17
V-2755,2024-01-31,Michigan State,48824,MI,Graduate,Off-Campus,Pell Grant,None,18.83
V-2756,2021-03-25,Arizona State,85281,AZ,Undergraduate,Off-Campus,None,Partial,15.69
V-2757,2020-12-17,UW Seattle,98195,WA,Graduate,Off-Campus,Pell Grant,None,15.67
V-2758,2022-12-26,UC Irvine,92697,CA,Undergraduate,Off-Campus,None,None,6.66
V-2759,2022-09-02,UW Seattle,98195,WA,Undergraduate,Off-Campus,Scholarship,None,11.44
V-2760,2023-02-05,UW Seattle,98195,WA,Undergraduate,Off-Campus,Scholarship,Partial,15.49
V-2761,2023-11-09,Ohio State,43210,OH,Undergraduate,Off-Campus,Pell Grant,Partial,10.34
V-2762,2023-09-20,Michigan State,48824,MI,Graduate,Off-Campus,Pell Grant,None,20.29
V-2763,2022-03-15,Michigan State,48824,MI,Undergraduate,On-Campus,Pell Grant,Partial,13.08
V-2764,2022-07-22,Rutgers,08901,NJ,Graduate,Off-Campus,None,None,26.84
V-2765,2021-01-04,UW Seattle,98195,WA,Undergraduate,Off-Campus,Scholarship,None,9.35
V-2766,2020-10-16,Georgia Tech,30332,GA,Undergraduate,On-Campus,Scholarship,None,18.9
V-2767,2021-11-14,Michigan State,48824,MI,Undergraduate,On-Campus,None,Partial,10.06
V-2768,2023-05-29,Michigan State,48824,MI,Graduate,Off-Campus,Scholarship,None,22.82
V-2769,2024-03-08,Arizona State,85281,AZ,Undergraduate,On-Campus,Pell Grant,Partial,14.05
V-2770,2022-04-27,UF Gainesville,32611,FL,Graduate,Off-Campus,Pell Grant,Partial,17.98
V-2771,2022-01-31,UW Seattle,98195,WA,Graduate,Off-Campus,Scholarship,None,13.96
V-2772,2023-06-28,Texas A&M,77843,TX,Graduate,On-Campus,None,Full,22.86
V-2773,2023-12-01,UF Gainesville,32611,FL,Undergraduate,On-Campus,Pell Grant,Partial,19.03
V-2774,2022-09-05,Ohio State,43210,OH,Undergraduate,Off-Campus,Scholarship,Partial,16.07
V-2775,2022-07-21,UMass Amherst,01003,MA,Undergraduate,On-Campus,Pell Grant,None,11.26
V-2776,2023-06-26,Texas A&M,77843,TX,Undergraduate,Off-Campus,None,None,13.28
V-2777,2024-11-04,Arizona State,85281,AZ,Undergraduate,On-Campus,None,None,15.05
V-2778,2021-09-06,Ohio State,43210,OH,Undergraduate,Off-Campus,None,Partial,15.77
V-2779,2023-03-27,Ohio State,43210,OH,Undergraduate,Off-Campus,Pell Grant,Full,19.05
V-2780,2024-01-24,UMass Amherst,01003,MA,Undergraduate,Off-Campus,None,Partial,14.13
V-2781,2023-05-07,UW Seattle,98195,WA,Undergraduate,On-Campus,Pell Grant,Partial,7.37
V-2782,2022-09-23,UF Gainesville,32611,FL,Undergraduate,Off-Campus,Pell Grant,None,6.84
V-2783,2023-03-13,Michigan State,48824,MI,Graduate,Off-Campus,Pell Grant,Partial,17.42
V-2784,2024-01-03,Rutgers,08901,NJ,Undergraduate,Off-Campus,Scholarship,Partial,18.92
V-2785,2023-03-04,UMass Amherst,01003,MA,Undergraduate,Off-Campus,None,None,16.71
V-2786,2023-10-11,Michigan State,48824,MI,Undergraduate,Off-Campus,Pell Grant,None,17.68
V-2787,2022-02-20,UF Gainesville,32611,FL,Undergraduate,On-Campus,Pell Grant,Full,10.81
V-2788,2024-01-24,UC Irvine,92697,CA,Undergraduate,Off-Campus,Pell Grant,Partial,13.44
V-2789,2023-07-01,Arizona State,85281,AZ,Undergraduate,On-Campus,None,Partial,18.38
V-2790,2023-04-12,Ohio State,43210,OH,Undergraduate,On-Campus,Pell Grant,None,21.12
V-2791,2023-03-24,Texas A&M,77843,TX,Undergraduate,On-Campus,Pell Grant,Partial,18.25
V-2792,2022-10-14,UC Irvine,92697,CA,Undergraduate,Off-Campus,None,Partial,17.9
V-2793,2022-01-09,Ohio State,43210,OH,Undergraduate,Off-Campus,Pell Grant,None,10.56
V-2794,2023-07-16,UMass Amherst,01003,MA,Undergraduate,On-Campus,Pell Grant,None,17.31
V-2795,2023-09-07,Rutgers,08901,NJ,Undergraduate,On-Campus,Pell Grant,None,9.68
V-2796,2021-12-27,UF Gainesville,32611,FL,Graduate,On-Campus,Pell Grant,Full,23.88
V-2797,2020-11-25,Rutgers,08901,NJ,Undergraduate,Off-Campus,None,None,14.02
V-2798,2023-08-25,Texas A&M,77843,TX,Undergraduate,On-Campus,Scholarship,None,13.77
V-2799,2024-05-04,UW Seattle,98195,WA,Undergraduate,Off-Campus,None,None,7.01
V-2800,2022-06-14,Arizona State,85281,AZ,Undergraduate,On-Campus,Pell Grant,None,12.69
V-2801,2021-03-19,UC Irvine,92697,CA,Undergraduate,On-Campus,Pell Grant,None,12.88
V-2802,2022-03-01,Rutgers,08901,NJ,Graduate,On-Campus,None,Partial,20.04
V-2803,2022-10-11,Georgia Tech,30332,GA,Undergraduate,Off-Campus,None,None,13.13
V-2804,2023-02-24,UW Seattle,98195,WA,Undergraduate,Off-Campus,None,None,12.34
V-2805,2023-06-19,Texas A&M,77843,TX,Undergraduate,On-Campus,Pell Grant,None,11.29
V-2806,2024-07-25,UW Seattle,98195,WA,Undergraduate,Off-Campus,None,None,22.14
V-2807,2023-01-03,UF Gainesville,32611,FL,Undergraduate,On-Campus,Pell Grant,Partial,22.21
V-2808,2021-02-13,UW Seattle,98195,WA,Graduate,On-Campus,Scholarship,Partial,19.68
V-2809,2022-06-26,Texas A&M,77843,TX,Undergraduate,On-Campus,None,None,10.8
V-2810,2024-04-13,UF Gainesville,32611,FL,Undergraduate,Off-Campus,Scholarship,Partial,11.16
V-2811,2023-08-06,Ohio State,43210,OH,Undergraduate,Off-Campus,None,None,13.76
V-2812,2022-04-21,Texas A&M,77843,TX,Undergraduate,Off-Campus,Pell Grant,Partial,21.45
V-2813,2024-03-15,UC Irvine,92697,CA,Undergraduate,Off-Campus,Scholarship,None,16.34
V-2814,2023-10-25,UC Irvine,92697,CA,Undergraduate,Off-Campus,None,None,19.78
V-2815,2024-06-08,Michigan State,48824,MI,Undergraduate,Off-Campus,Pell Grant,None,20.19
V-2816,2022-04-25,Rutgers,08901,NJ,Undergraduate,Off-Campus,None,Partial,16.46
V-2817,2023-05-21,Rutgers,08901,NJ,Undergraduate,Off-Campus,None,Partial,10.16
V-2818,2023-04-11,Arizona State,85281,AZ,Undergraduate,Off-Campus,None,Full,19.28
V-2819,2023-03-05,Texas A&M,77843,TX,Graduate,Off-Campus,Scholarship,None,15.56
V-2820,2022-06-28,Texas A&M,77843,TX,Undergraduate,Off-Campus,Scholarship,Partial,10.95
V-2821,2022-09-12,Arizona State,85281,AZ,Undergraduate,Off-Campus,Scholarship,Partial,15.31
V-2822,2023-08-20,Georgia Tech,30332,GA,Undergraduate,Off-Campus,None,Partial,13.4
V-2823,2020-01-09,UC Irvine,92697,CA,Graduate,Off-Campus,Pell Grant,Full,19.12
V-2824,2023-08-04,UC Irvine,92697,CA,Graduate,On-Campus,None,Partial,15.68
V-2825,2020-06-25,Rutgers,08901,NJ,Undergraduate,On-Campus,None,None,9.35
V-2826,2023-02-16,Ohio State,43210,OH,Undergraduate,Off-Campus,Scholarship,Partial,16.94
V-2827,2021-03-29,Georgia Tech,30332,GA,Undergraduate,Off-Campus,Pell Grant,None,24.06
V-2828,2023-02-25,UW Seattle,98195,WA,Graduate,Off-Campus,Pell Grant,Partial,26.2
V-2829,2022-08-26,Michigan State,48824,MI,Undergraduate,Off-Campus,Scholarship,None,7.77
V-2830,2022-01-31,UC Irvine,92697,CA,Undergraduate,Off-Campus,Scholarship,None,12.54
V-2831,2021-04-28,UMass Amherst,01003,MA,Graduate,On-Campus,None,Partial,16.58
V-2832,2021-10-15,Michigan State,48824,MI,Graduate,Off-Campus,None,Partial,19.31
V-2833,2023-02-07,UMass Amherst,01003,MA,Graduate,Off-Campus,Pell Grant,Partial,21.58
V-2834,2024-02-04,Michigan State,48824,MI,Undergraduate,Off-Campus,Pell Grant,Partial,13.03
V-2835,2022-05-09,Rutgers,08901,NJ,Undergraduate,On-Campus,Pell Grant,None,17.94
V-2836,2022-09-12,Rutgers,08901,NJ,Graduate,Off-Campus,Pell Grant,Partial,24.98
V-2837,2022-05-22,Ohio State,43210,OH,Undergraduate,Off-Campus,None,None,18.48
V-2838,2021-07-21,UC Irvine,92697,CA,Undergraduate,Off-Campus,None,None,9.58
V-2839,2023-03-27,Texas A&M,77843,TX,Undergraduate,Off-Campus,None,None,15.89
V-2840,2023-07-17,Michigan State,48824,MI,Undergraduate,On-Campus,Pell Grant,None,18.98
V-2841,2024-02-03,Ohio State,43210,OH,Undergraduate,Off-Campus,Scholarship,Partial,18.55
V-2842,2023-01-03,Arizona State,85281,AZ,Undergraduate,Off-Campus,None,None,17.39
V-2843,2021-11-02,Texas A&M,77843,TX,Undergraduate,Off-Campus,Pell Grant,Partial,19.23
V-2844,2020-09-06,Georgia Tech,30332,GA,Undergraduate,Off-Campus,Pell Grant,None,10.71
V-2845,2023-05-05,Michigan State,48824,MI,Undergraduate,Off-Campus,Pell Grant,None,7.72
V-2846,2024-01-03,UF Gainesville,32611,FL,Graduate,Off-Campus,Scholarship,Full,20.02
V-2847,2024-07-20,UC Irvine,92697,CA,Undergraduate,Off-Campus,Pell Grant,Partial,14.68
V-2848,2021-05-25,Ohio State,43210,OH,Undergraduate,Off-Campus,None,None,23.34
V-2849,2023-02-17,Georgia Tech,30332,GA,Graduate,On-Campus,None,None,17.94
V-2850,2021-03-31,UF Gainesville,32611,FL,Undergraduate,On-Campus,Scholarship,None,17.72
V-2851,2022-01-21,Texas A&M,77843,TX,Undergraduate,Off-Campus,Scholarship,None,22.76
V-2852,2023-05-25,Michigan State,48824,MI,Graduate,Off-Campus,Scholarship,None,28.6
V-2853,2022-02-19,UC Irvine,92697,CA,Undergraduate,On-Campus,Scholarship,Partial,13.63
V-2854,2022-05-11,Arizona State,85281,AZ,Undergraduate,On-Campus,Scholarship,None,17.23
V-2855,2023-11-14,UMass Amherst,01003,MA,Undergraduate,Off-Campus,None,None,16.05
V-2856,2023-04-01,UC Irvine,92697,CA,Undergraduate,On-Campus,Scholarship,None,11.39
V-2857,2023-05-28,Texas A&M,77843,TX,Undergraduate,Off-Campus,Scholarship,None,20.19
V-2858,2022-11-26,Georgia Tech,30332,GA,Undergraduate,Off-Campus,None,None,16.72
V-2859,2023-03-04,UF Gainesville,32611,FL,Undergraduate,Off-Campus,Scholarship,None,10.86
V-2860,2022-07-19,Texas A&M,77843,TX,Undergraduate,Off-Campus,Pell Grant,Full,12.54
V-2861,2023-09-27,UW Seattle,98195,WA,Undergraduate,Off-Campus,Scholarship,None,14.37
V-2862,2023-07-25,Arizona State,85281,AZ,Undergraduate,Off-Campus,Scholarship,None,19.75
V-2863,2022-09-04,UF Gainesville,32611,FL,Undergraduate,On-Campus,Scholarship,Partial,9.44
V-2864,2023-09-16,Ohio State,43210,OH,Undergraduate,On-Campus,Pell Grant,None,5.94
V-2865,2024-05-16,Rutgers,08901,NJ,Undergraduate,On-Campus,None,Partial,10.79
V-2866,2022-02-17,UC Irvine,92697,CA,Undergraduate,On-Campus,Scholarship,None,14.58
V-2867,2024-08-05,Georgia Tech,30332,GA,Undergraduate,On-Campus,Pell Grant,None,11.76
V-2868,2022-08-13,Ohio State,43210,OH,Undergraduate,Off-Campus,None,None,13.37
V-2869,2023-01-10,Arizona State,85281,AZ,Undergraduate,Off-Campus,None,None,12.44
V-2870,2021-09-17,Arizona State,85281,AZ,Undergraduate,Off-Campus,Pell Grant,None,5.11
V-2871,2022-09-10,UC Irvine,92697,CA,Graduate,Off-Campus,Pell Grant,None,17.41
V-2872,2021-06-11,UMass Amherst,01003,MA,Undergraduate,On-Campus,Pell Grant,Full,12.3
V-2873,2022-08-24,UF Gainesville,32611,FL,Undergraduate,Off-Campus,None,None,17.96
V-2874,2023-06-15,Texas A&M,77843,TX,Undergraduate,Off-Campus,Pell Grant,None,22.74
V-2875,2021-01-20,UW Seattle,98195,WA,Undergraduate,Off-Campus,Pell Grant,None,9.73
V-2876,2023-11-19,Ohio State,43210,OH,Undergraduate,Off-Campus,None,Full,15.8
V-2877,2024-06-28,Arizona State,85281,AZ,Graduate,On-Campus,None,None,23.64
V-2878,2021-08-27,Rutgers,08901,NJ,Undergraduate,Off-Campus,Pell Grant,None,23.1
V-2879,2023-03-31,UMass Amherst,01003,MA,Undergraduate,Off-Campus,None,None,12.43
V-2880,2022-09-11,Michigan State,48824,MI,Undergraduate,Off-Campus,Scholarship,Partial,10.82
V-2881,2022-08-30,Rutgers,08901,NJ,Undergraduate,Off-Campus,Scholarship,Partial,12.68
V-2882,2021-09-18,UMass Amherst,01003,MA,Undergraduate,Off-Campus,None,None,10.01
V-2883,2021-01-10,Texas A&M,77843,TX,Undergraduate,Off-Campus,None,None,15.53
V-2884,2023-02-28,UMass Amherst,01003,MA,Undergraduate,Off-Campus,None,None,18.51
V-2885,2023-03-26,Ohio State,43210,OH,Undergraduate,Off-Campus,Pell Grant,Partial,15.61
V-2886,2022-07-02,Arizona State,85281,AZ,Undergraduate,Off-Campus,Pell Grant,None,14.74
V-2887,2021-03-13,Rutgers,08901,NJ,Undergraduate,Off-Campus,Scholarship,None,18.52
V-2888,2023-03-14,UW Seattle,98195,WA,Undergraduate,On-Campus,None,Partial,13.74
V-2889,2022-04-25,Arizona State,85281,AZ,Undergraduate,Off-Campus,Scholarship,None,17.07
V-2890,2021-08-11,Ohio State,43210,OH,Undergraduate,Off-Campus,Pell Grant,None,12.4
V-2891,2023-04-14,Michigan State,48824,MI,Undergraduate,On-Campus,Scholarship,None,10.03
V-2892,2021-03-17,Arizona State,85281,AZ,Graduate,On-Campus,Pell Grant,Partial,23.78
V-2893,2021-03-15,Georgia Tech,30332,GA,Undergraduate,On-Campus,None,Partial,14.23
V-2894,2022-12-08,UW Seattle,98195,WA,Undergraduate,On-Campus,Pell Grant,None,18.73
V-2895,2023-10-15,UC Irvine,92697,CA,Graduate,Off-Campus,None,Full,22.77
V-2896,2022-03-28,Arizona State,85281,AZ,Undergraduate,Off-Campus,Scholarship,Partial,16.03
V-2897,2020-11-07,Arizona State,85281,AZ,Undergraduate,On-Campus,Pell Grant,Full,9.43
V-2898,2022-09-16,Arizona State,85281,AZ,Undergraduate,On-Campus,None,None,24.7
V-2899,2024-05-18,UF Gainesville,32611,FL,Undergraduate,Off-Campus,Pell Grant,None,17.63
V-2900,2023-06-27,Arizona State,85281,AZ,Undergraduate,Off-Campus,None,Partial,20.31
V-2901,2024-06-18,Arizona State,85281,AZ,Graduate,Off-Campus,Pell Grant,None,21.24
V-2902,2020-08-18,Arizona State,85281,AZ,Undergraduate,Off-Campus,Pell Grant,Partial,10.14
V-2903,2021-07-18,Rutgers,08901,NJ,Undergraduate,On-Campus,None,None,16.61
V-2904,2022-10-27,Ohio State,43210,OH,Undergraduate,On-Campus,None,None,9.2
V-2905,2020-12-28,Ohio State,43210,OH,Undergraduate,On-Campus,None,None,18.91
V-2906,2023-04-17,UC Irvine,92697,CA,Undergraduate,Off-Campus,None,None,13.7
V-2907,2021-12-23,Rutgers,08901,NJ,Undergraduate,On-Campus,Scholarship,None,16.81
V-2908,2022-10-30,UW Seattle,98195,WA,Undergraduate,Off-Campus,Pell Grant,Partial,15.57
V-2909,2022-07-12,UF Gainesville,32611,FL,Graduate,Off-Campus,Pell Grant,Full,24.86
V-2910,2023-11-02,UC Irvine,92697,CA,Undergraduate,Off-Campus,Pell Grant,None,20.15
V-2911,2023-05-19,Georgia Tech,30332,GA,Undergraduate,Off-Campus,Pell Grant,None,15.56
V-2912,2023-10-16,UW Seattle,98195,WA,Graduate,Off-Campus,None,Partial,14.95
V-2913,2024-07-06,Georgia Tech,30332,GA,Undergraduate,Off-Campus,Scholarship,None,22.6
V-2914,2023-02-16,Arizona State,85281,AZ,Undergraduate,On-Campus,Pell Grant,None,9.13
V-2915,2023-05-13,Rutgers,08901,NJ,Undergraduate,Off-Campus,None,Full,16.71
V-2916,2023-03-20,Michigan State,48824,MI,Undergraduate,On-Campus,Scholarship,None,20.17
V-2917,2023-01-29,Rutgers,08901,NJ,Undergraduate,Off-Campus,Scholarship,None,16.68
V-2918,2022-01-09,UC Irvine,92697,CA,Undergraduate,Off-Campus,None,Partial,11.25
V-2919,2022-10-29,UW Seattle,98195,WA,Undergraduate,Off-Campus,Scholarship,None,15.2
V-2920,2021-09-19,Georgia Tech,30332,GA,Undergraduate,Off-Campus,None,None,11.31
V-2921,2022-08-24,UC Irvine,92697,CA,Undergraduate,Off-Campus,None,None,11.92
V-2922,2020-12-17,UMass Amherst,01003,MA,Undergraduate,Off-Campus,None,None,13.91
V-2923,2022-12-16,UC Irvine,92697,CA,Undergraduate,Off-Campus,Pell Grant,Full,4.37
V-2924,2022-08-19,Ohio State,43210,OH,Undergraduate,Off-Campus,Pell Grant,None,13.32
V-2925,2023-01-09,Texas A&M,77843,TX,Graduate,Off-Campus,None,Partial,21.18
V-2926,2021-01-21,UF Gainesville,32611,FL,Graduate,Off-Campus,Pell Grant,Full,19.35
V-2927,2023-03-14,Arizona State,85281,AZ,Undergraduate,On-Campus,Pell Grant,None,11.62
V-2928,2024-02-10,Ohio State,43210,OH,Graduate,Off-Campus,Pell Grant,Full,23.48
V-2929,2020-12-08,UW Seattle,98195,WA,Undergraduate,On-Campus,Pell Grant,Partial,13.02
V-2930,2021-05-01,UMass Amherst,01003,MA,Undergraduate,Off-Campus,Scholarship,Partial,21.48
V-2931,2020-11-27,UC Irvine,92697,CA,Undergraduate,Off-Campus,Pell Grant,None,15.11
V-2932,2024-06-08,UW Seattle,98195,WA,Undergraduate,Off-Campus,Scholarship,Partial,13.6
V-2933,2021-03-07,Texas A&M,77843,TX,Undergraduate,Off-Campus,Pell Grant,None,16.23
V-2934,2021-10-02,UF Gainesville,32611,FL,Undergraduate,On-Campus,Pell Grant,Partial,6.85
V-2935,2022-07-18,Arizona State,85281,AZ,Graduate,Off-Campus,Pell Grant,Partial,20.51
V-2936,2024-10-18,UC Irvine,92697,CA,Undergraduate,Off-Campus,Pell Grant,Partial,17.12
V-2937,2021-08-09,Rutgers,08901,NJ,Undergraduate,On-Campus,Scholarship,Partial,13.81
V-2938,2022-08-18,Michigan State,48824,MI,Undergraduate,Off-Campus,Pell Grant,None,10.95
V-2939,2020-04-10,Georgia Tech,30332,GA,Undergraduate,Off-Campus,Pell Grant,None,12.63
V-2940,2023-06-26,UF Gainesville,32611,FL,Graduate,Off-Campus,Pell Grant,Partial,16.33
V-2941,2022-12-23,Texas A&M,77843,TX,Undergraduate,On-Campus,Scholarship,Partial,21.46
V-2942,2022-09-28,Rutgers,08901,NJ,Undergraduate,Off-Campus,Scholarship,Partial,14.64
V-2943,2023-08-20,Rutgers,08901,NJ,Undergraduate,Off-Campus,Scholarship,None,16.94
V-2944,2022-05-22,Michigan State,48824,MI,Undergraduate,On-Campus,Scholarship,Full,8.34
V-2945,2021-04-28,Texas A&M,77843,TX,Undergraduate,On-Campus,Pell Grant,None,10.79
V-2946,2021-10-19,Texas A&M,77843,TX,Undergraduate,On-Campus,None,None,15.92
V-2947,2023-02-23,Georgia Tech,30332,GA,Undergraduate,On-Campus,Scholarship,None,18.68
V-2948,2022-12-06,Georgia Tech,30332,GA,Undergraduate,Off-Campus,Pell Grant,None,10.76
V-2949,2023-10-14,UF Gainesville,32611,FL,Undergraduate,On-Campus,Scholarship,None,9.78
V-2950,2024-11-04,Arizona State,85281,AZ,Undergraduate,On-Campus,None,None,17.89
V-2951,2023-12-09,UF Gainesville,32611,FL,Undergraduate,Off-Campus,Pell Grant,None,13.76
V-2952,2022-01-06,UMass Amherst,01003,MA,Undergraduate,Off-Campus,Pell Grant,None,7.5
V-2953,2024-09-02,Rutgers,08901,NJ,Undergraduate,Off-Campus,None,None,8.93
V-2954,2021-10-22,UC Irvine,92697,CA,Undergraduate,Off-Campus,Pell Grant,None,11.06
V-2955,2023-08-22,UW Seattle,98195,WA,Undergraduate,Off-Campus,Scholarship,Partial,19.22
V-2956,2022-10-03,Texas A&M,77843,TX,Undergraduate,Off-Campus,Scholarship,None,19.01
V-2957,2023-11-07,Ohio State,43210,OH,Undergraduate,On-Campus,Pell Grant,Full,16.21
V-2958,2024-01-25,Georgia Tech,30332,GA,Undergraduate,Off-Campus,Pell Grant,Partial,15.89
V-2959,2021-08-04,UMass Amherst,01003,MA,Undergraduate,Off-Campus,Pell Grant,Partial,11.81
V-2960,2022-09-28,Rutgers,08901,NJ,Undergraduate,Off-Campus,None,None,5.35
V-2961,2023-01-24,Arizona State,85281,AZ,Undergraduate,Off-Campus,Pell Grant,None,18.87
V-2962,2024-12-02,UC Irvine,92697,CA,Undergraduate,Off-Campus,Pell Grant,None,17.53
V-2963,2022-09-04,Michigan State,48824,MI,Undergraduate,Off-Campus,Pell Grant,None,10.83
V-2964,2021-07-20,UC Irvine,92697,CA,Graduate,On-Campus,Pell Grant,None,24.71
V-2965,2022-12-16,Georgia Tech,30332,GA,Graduate,On-Campus,None,None,15.69
V-2966,2022-10-01,UW Seattle,98195,WA,Undergraduate,On-Campus,Pell Grant,Full,18.77
V-2967,2023-03-24,Arizona State,85281,AZ,Undergraduate,Off-Campus,Pell Grant,None,7.65
V-2968,2021-09-16,UW Seattle,98195,WA,Undergraduate,Off-Campus,Pell Grant,Full,23.65
V-2969,2023-03-19,Georgia Tech,30332,GA,Graduate,Off-Campus,Pell Grant,None,15.14
V-2970,2021-12-13,Rutgers,08901,NJ,Undergraduate,On-Campus,Scholarship,None,18.38
V-2971,2023-03-12,Ohio State,43210,OH,Undergraduate,Off-Campus,None,Partial,12.06
V-2972,2022-03-04,Ohio State,43210,OH,Undergraduate,Off-Campus,Pell Grant,Full,16.2
V-2973,2023-10-29,UC Irvine,92697,CA,Graduate,On-Campus,None,Partial,28.18
V-2974,2023-08-26,Michigan State,48824,MI,Undergraduate,On-Campus,Pell Grant,None,13.87
V-2975,2021-07-21,Texas A&M,77843,TX,Undergraduate,Off-Campus,Pell Grant,Partial,23.01
V-2976,2022-03-05,Texas A&M,77843,TX,Undergraduate,Off-Campus,None,None,20.98
V-2977,2023-01-18,Georgia Tech,30332,GA,Undergraduate,Off-Campus,Pell Grant,Partial,8.54
V-2978,2022-04-14,Georgia Tech,30332,GA,Undergraduate,Off-Campus,Pell Grant,None,13.82
V-2979,2022-04-10,UMass Amherst,01003,MA,Graduate,Off-Campus,None,Partial,18.91
V-2980,2023-08-26,UF Gainesville,32611,FL,Undergraduate,Off-Campus,None,Partial,15.18
V-2981,2024-05-29,Georgia Tech,30332,GA,Graduate,On-Campus,Scholarship,Partial,20.09
V-2982,2021-10-10,UF Gainesville,32611,FL,Undergraduate,Off-Campus,Pell Grant,None,9.86
V-2983,2023-05-13,UW Seattle,98195,WA,Undergraduate,Off-Campus,None,Partial,14.44
V-2984,2023-02-26,Texas A&M,77843,TX,Graduate,Off-Campus,Scholarship,Partial,22.84
V-2985,2024-03-09,Arizona State,85281,AZ,Undergraduate,Off-Campus,None,None,5.31
V-2986,2021-11-19,UF Gainesville,32611,FL,Graduate,On-Campus,Pell Grant,None,23.25
V-2987,2023-04-15,Rutgers,08901,NJ,Undergraduate,Off-Campus,Scholarship,None,15.37
V-2988,2023-11-14,UF Gainesville,32611,FL,Undergraduate,On-Campus,Pell Grant,Partial,21.33
V-2989,2024-04-06,UW Seattle,98195,WA,Undergraduate,Off-Campus,Pell Grant,None,13.66
V-2990,2023-03-21,Arizona State,85281,AZ,Undergraduate,On-Campus,Pell Grant,None,12.29
V-2991,2021-11-23,Georgia Tech,30332,GA,Undergraduate,On-Campus,Scholarship,None,10.36
V-2992,2022-02-10,Arizona State,85281,AZ,Undergraduate,On-Campus,Scholarship,Partial,15.78
V-2993,2023-04-06,Rutgers,08901,NJ,Undergraduate,Off-Campus,Pell Grant,None,7.27
V-2994,2022-10-11,Michigan State,48824,MI,Undergraduate,On-Campus,Scholarship,Full,11.32
V-2995,2021-04-05,Michigan State,48824,MI,Undergraduate,Off-Campus,Pell Grant,None,13.81
V-2996,2021-10-06,Arizona State,85281,AZ,Graduate,Off-Campus,Scholarship,None,13.45
V-2997,2022-04-06,UMass Amherst,01003,MA,Undergraduate,Off-Campus,Scholarship,Partial,14.19
V-2998,2022-09-10,Rutgers,08901,NJ,Graduate,On-Campus,Scholarship,Partial,25.5
V-2999,2023-11-01,Rutgers,08901,NJ,Undergraduate,Off-Campus,Pell Grant,None,19.8
V-3000,2024-05-12,Ohio State,43210,OH,Undergraduate,Off-Campus,Scholarship,Partial,15.06
V-3001,2023-03-13,UC Irvine,92697,CA,Graduate,Off-Campus,Pell Grant,Full,24.56
V-3002,2023-06-19,Michigan State,48824,MI,Undergraduate,On-Campus,None,Full,16.69
V-3003,2024-12-05,Georgia Tech,30332,GA,Undergraduate,Off-Campus,Pell Grant,Partial,16.74
V-3004,2023-08-11,UC Irvine,92697,CA,Undergraduate,Off-Campus,None,None,17.49
V-3005,2020-12-10,Texas A&M,77843,TX,Graduate,Off-Campus,None,Full,17.3
V-3006,2022-01-16,Ohio State,43210,OH,Undergraduate,Off-Campus,None,None,12.53
V-3007,2021-12-30,Georgia Tech,30332,GA,Undergraduate,On-Campus,Pell Grant,None,15.4
V-3008,2021-07-31,Ohio State,43210,OH,Graduate,Off-Campus,None,None,19.27
V-3009,2023-06-30,Rutgers,08901,NJ,Undergraduate,Off-Campus,Pell Grant,None,19.4
V-3010,2022-01-29,Texas A&M,77843,TX,Undergraduate,Off-Campus,None,None,16.83
V-3011,2022-05-18,Georgia Tech,30332,GA,Undergraduate,On-Campus,Pell Grant,None,17.05
V-3012,2022-09-22,UF Gainesville,32611,FL,Undergraduate,Off-Campus,Scholarship,None,16.42
V-3013,2022-05-05,UMass Amherst,01003,MA,Undergraduate,Off-Campus,Pell Grant,None,14.62
V-3014,2023-10-13,UW Seattle,98195,WA,Undergraduate,On-Campus,None,Partial,18.07
V-3015,2024-07-26,Rutgers,08901,NJ,Undergraduate,Off-Campus,None,Partial,19.87
V-3016,2022-09-01,UW Seattle,98195,WA,Undergraduate,Off-Campus,None,Partial,15.66
V-3017,2023-08-20,Rutgers,08901,NJ,Graduate,Off-Campus,None,Partial,17.62
V-3018,2023-03-24,Georgia Tech,30332,GA,Undergraduate,Off-Campus,Scholarship,None,14.67
V-3019,2022-05-18,UMass Amherst,01003,MA,Undergraduate,Off-Campus,Pell Grant,Partial,8.06
V-3020,2022-10-12,UMass Amherst,01003,MA,Undergraduate,On-Campus,Scholarship,Partial,19.39
V-3021,2022-01-18,UC Irvine,92697,CA,Graduate,Off-Campus,Scholarship,Partial,22.7
V-3022,2022-09-16,UC Irvine,92697,CA,Graduate,On-Campus,Pell Grant,Partial,16.83
V-3023,2023-10-15,UW Seattle,98195,WA,Graduate,On-Campus,Scholarship,Partial,18.48
V-3024,2024-03-30,UF Gainesville,32611,FL,Undergraduate,Off-Campus,None,Partial,20.76
V-3025,2024-03-10,Ohio State,43210,OH,Undergraduate,On-Campus,Pell Grant,Partial,12.58
V-3026,2023-12-29,Michigan State,48824,MI,Undergraduate,Off-Campus,None,None,9.16
V-3027,2021-01-23,Arizona State,85281,AZ,Undergraduate,Off-Campus,Pell Grant,None,8.22
V-3028,2022-12-19,UF Gainesville,32611,FL,Undergraduate,On-Campus,Pell Grant,Partial,13.21
V-3029,2022-05-24,UMass Amherst,01003,MA,Undergraduate,Off-Campus,Pell Grant,None,12.1
V-3030,2023-11-13,Arizona State,85281,AZ,Undergraduate,On-Campus,Pell Grant,None,13.59
V-3031,2024-01-14,Ohio State,43210,OH,Undergraduate,Off-Campus,Pell Grant,None,18.1
V-3032,2024-01-12,UC Irvine,92697,CA,Undergraduate,Off-Campus,Scholarship,None,12.97
V-3033,2023-07-14,Texas A&M,77843,TX,Undergraduate,Off-Campus,Pell Grant,Partial,16.52
V-3034,2024-06-06,Texas A&M,77843,TX,Undergraduate,Off-Campus,None,None,11.01
V-3035,2023-01-04,Arizona State,85281,AZ,Undergraduate,On-Campus,Pell Grant,None,19.33
V-3036,2023-06-02,UW Seattle,98195,WA,Graduate,Off-Campus,Scholarship,Full,16.55
V-3037,2022-05-17,Michigan State,48824,MI,Undergraduate,Off-Campus,Scholarship,Partial,14.02
V-3038,2023-11-05,Ohio State,43210,OH,Undergraduate,Off-Campus,Scholarship,None,14.56
V-3039,2023-06-18,UC Irvine,92697,CA,Graduate,Off-Campus,Pell Grant,None,22.13
V-3040,2023-09-12,Texas A&M,77843,TX,Undergraduate,On-Campus,Pell Grant,None,18.23
V-3041,2021-07-17,UMass Amherst,01003,MA,Undergraduate,Off-Campus,None,None,11.53
V-3042,2023-07-28,UF Gainesville,32611,FL,Undergraduate,On-Campus,Scholarship,None,18.24
V-3043,2022-02-19,Michigan State,48824,MI,Undergraduate,On-Campus,Scholarship,Full,18.31
V-3044,2024-02-03,Arizona State,85281,AZ,Graduate,On-Campus,Scholarship,None,20.46
V-3045,2024-01-01,UF Gainesville,32611,FL,Undergraduate,Off-Campus,Pell Grant,None,22.43
V-3046,2022-08-20,Rutgers,08901,NJ,Undergraduate,On-Campus,Scholarship,Full,15.46
V-3047,2023-02-25,UF Gainesville,32611,FL,Undergraduate,On-Campus,None,None,13.19
V-3048,2021-11-06,UMass Amherst,01003,MA,Undergraduate,On-Campus,Scholarship,None,13.84
V-3049,2023-04-22,UMass Amherst,01003,MA,Undergraduate,Off-Campus,Pell Grant,Partial,21.87
V-3050,2022-11-20,Arizona State,85281,AZ,Undergraduate,On-Campus,Pell Grant,Partial,15.83
V-3051,2023-08-01,Rutgers,08901,NJ,Undergraduate,Off-Campus,Pell Grant,None,16.38
V-3052,2021-05-19,UC Irvine,92697,CA,Graduate,Off-Campus,Pell Grant,Partial,21.0
V-3053,2023-07-21,Georgia Tech,30332,GA,Graduate,On-Campus,None,Partial,24.59
V-3054,2022-07-25,UW Seattle,98195,WA,Undergraduate,On-Campus,None,None,15.5
V-3055,2021-06-05,Texas A&M,77843,TX,Undergraduate,Off-Campus,Pell Grant,None,15.57
V-3056,2022-09-19,Texas A&M,77843,TX,Undergraduate,On-Campus,None,Partial,14.47
V-3057,2023-05-19,Georgia Tech,30332,GA,Undergraduate,Off-Campus,Pell Grant,None,15.45
V-3058,2022-03-19,UW Seattle,98195,WA,Undergraduate,Off-Campus,Pell Grant,Partial,17.76
V-3059,2022-09-01,Rutgers,08901,NJ,Undergraduate,Off-Campus,Pell Grant,None,11.22
V-3060,2021-08-02,Texas A&M,77843,TX,Undergraduate,On-Campus,Pell Grant,None,13.36
V-3061,2024-08-25,Ohio State,43210,OH,Undergraduate,Off-Campus,None,None,14.66
V-3062,2022-08-01,UF Gainesville,32611,FL,Undergraduate,On-Campus,None,None,8.59
V-3063,2023-01-25,Arizona State,85281,AZ,Undergraduate,Off-Campus,Scholarship,Partial,9.44
V-3064,2022-10-28,Michigan State,48824,MI,Undergraduate,Off-Campus,Pell Grant,None,14.32
V-3065,2023-01-12,Texas A&M,77843,TX,Graduate,Off-Campus,Pell Grant,Partial,24.62
V-3066,2021-07-31,Rutgers,08901,NJ,Undergraduate,Off-Campus,Scholarship,None,14.12
V-3067,2023-04-13,UF Gainesville,32611,FL,Graduate,On-Campus,Scholarship,None,18.38
V-3068,2022-09-28,UF Gainesville,32611,FL,Undergraduate,On-Campus,Scholarship,None,19.79
V-3069,2021-11-18,UC Irvine,92697,CA,Undergraduate,Off-Campus,None,Partial,11.98
V-3070,2023-11-26,UW Seattle,98195,WA,Graduate,Off-Campus,Pell Grant,None,17.14
V-3071,2022-11-17,UW Seattle,98195,WA,Undergraduate,Off-Campus,None,None,21.61
V-3072,2022-02-26,Ohio State,43210,OH,Graduate,Off-Campus,None,None,20.06
V-3073,2022-05-30,Georgia Tech,30332,GA,Undergraduate,Off-Campus,Pell Grant,Full,20.53
V-3074,2023-04-14,UW Seattle,98195,WA,Undergraduate,On-Campus,Scholarship,Partial,14.62
V-3075,2024-04-19,Ohio State,43210,OH,Graduate,On-Campus,None,Partial,21.53
V-3076,2022-07-01,Arizona State,85281,AZ,Graduate,Off-Campus,Scholarship,None,14.36
V-3077,2020-01-24,Michigan State,48824,MI,Undergraduate,Off-Campus,Scholarship,None,10.42
V-3078,2024-04-09,UMass Amherst,01003,MA,Undergraduate,Off-Campus,Scholarship,None,17.33
V-3079,2021-09-28,Georgia Tech,30332,GA,Undergraduate,Off-Campus,None,None,16.11
V-3080,2021-06-23,Arizona State,85281,AZ,Undergraduate,On-Campus,Pell Grant,None,13.78
V-3081,2024-05-04,UW Seattle,98195,WA,Graduate,Off-Campus,Pell Grant,None,20.32
V-3082,2022-10-16,UC Irvine,92697,CA,Graduate,On-Campus,Scholarship,None,20.37
V-3083,2022-07-06,UC Irvine,92697,CA,Undergraduate,Off-Campus,Scholarship,None,9.84
V-3084,2022-08-09,Michigan State,48824,MI,Undergraduate,Off-Campus,Pell Grant,Partial,19.91
V-3085,2021-05-31,Michigan State,48824,MI,Undergraduate,On-Campus,Pell Grant,None,16.36
V-3086,2020-10-20,UMass Amherst,01003,MA,Graduate,Off-Campus,None,Partial,18.22
V-3087,2023-11-05,UC Irvine,92697,CA,Graduate,Off-Campus,None,None,19.26
V-3088,2022-06-26,UC Irvine,92697,CA,Undergraduate,Off-Campus,Scholarship,None,21.61
V-3089,2023-01-13,Arizona State,85281,AZ,Undergraduate,Off-Campus,Pell Grant,Partial,12.01
V-3090,2024-01-18,Rutgers,08901,NJ,Undergraduate,Off-Campus,Pell Grant,Partial,14.39
V-3091,2024-10-15,UC Irvine,92697,CA,Undergraduate,On-Campus,Scholarship,Full,21.85
V-3092,2022-12-16,UW Seattle,98195,WA,Undergraduate,Off-Campus,None,Full,15.36
V-3093,2024-11-01,UC Irvine,92697,CA,Undergraduate,On-Campus,Scholarship,Partial,9.37
V-3094,2024-01-13,Ohio State,43210,OH,Undergraduate,Off-Campus,None,None,16.38
V-3095,2022-07-02,Arizona State,85281,AZ,Undergraduate,Off-Campus,Scholarship,Full,11.75
V-3096,2020-05-09,UW Seattle,98195,WA,Graduate,On-Campus,None,None,12.6
V-3097,2023-11-25,UF Gainesville,32611,FL,Undergraduate,Off-Campus,Pell Grant,Partial,13.05
V-3098,2022-06-21,UF Gainesville,32611,FL,Undergraduate,Off-Campus,Pell Grant,None,9.72
V-3099,2022-01-20,UC Irvine,92697,CA,Undergraduate,Off-Campus,Pell Grant,None,10.48
V-3100,2021-02-09,Michigan State,48824,MI,Undergraduate,On-Campus,Scholarship,None,13.83
V-3101,2022-04-18,UW Seattle,98195,WA,Undergraduate,On-Campus,Pell Grant,None,8.53
V-3102,2022-09-30,UF Gainesville,32611,FL,Undergraduate,Off-Campus,Pell Grant,None,17.88
V-3103,2024-03-23,Georgia Tech,30332,GA,Undergraduate,Off-Campus,Pell Grant,None,14.18
V-3104,2022-12-26,Michigan State,48824,MI,Undergraduate,On-Campus,None,Partial,11.5
V-3105,2024-06-25,Arizona State,85281,AZ,Undergraduate,Off-Campus,Scholarship,Partial,14.34
V-3106,2021-01-16,Arizona State,85281,AZ,Undergraduate,Off-Campus,Pell Grant,Full,8.61
V-3107,2022-05-29,UC Irvine,92697,CA,Graduate,Off-Campus,None,Partial,15.69
V-3108,2021-09-21,UMass Amherst,01003,MA,Undergraduate,Off-Campus,Pell Grant,None,11.84
V-3109,2023-05-22,Rutgers,08901,NJ,Undergraduate,Off-Campus,Pell Grant,None,15.87
V-3110,2021-06-30,UC Irvine,92697,CA,Graduate,Off-Campus,Pell Grant,None,21.14
V-3111,2023-02-20,UMass Amherst,01003,MA,Undergraduate,Off-Campus,None,None,12.64
V-3112,2021-03-09,Rutgers,08901,NJ,Undergraduate,Off-Campus,Pell Grant,None,12.14
V-3113,2024-01-08,UF Gainesville,32611,FL,Graduate,On-Campus,Scholarship,None,22.1
V-3114,2020-06-27,Michigan State,48824,MI,Undergraduate,Off-Campus,None,Partial,18.67
V-3115,2024-05-16,UC Irvine,92697,CA,Undergraduate,Off-Campus,Pell Grant,None,15.77
V-3116,2024-03-30,Rutgers,08901,NJ,Graduate,On-Campus,Pell Grant,None,18.84
V-3117,2022-04-15,Texas A&M,77843,TX,Undergraduate,Off-Campus,Scholarship,Full,10.27
V-3118,2022-08-12,Ohio State,43210,OH,Undergraduate,Off-Campus,None,Partial,17.82
V-3119,2021-09-13,Michigan State,48824,MI,Undergraduate,On-Campus,Pell Grant,Partial,4.43
V-3120,2023-07-15,Texas A&M,77843,TX,Undergraduate,On-Campus,None,Partial,12.78
V-3121,2023-01-07,UF Gainesville,32611,FL,Undergraduate,Off-Campus,Scholarship,None,10.82
V-3122,2023-10-30,Michigan State,48824,MI,Undergraduate,Off-Campus,Scholarship,None,18.23
V-3123,2021-09-05,Ohio State,43210,OH,Undergraduate,On-Campus,None,Full,18.55
V-3124,2023-02-23,UMass Amherst,01003,MA,Graduate,Off-Campus,Scholarship,None,19.64
V-3125,2022-09-26,UW Seattle,98195,WA,Undergraduate,Off-Campus,Pell Grant,Partial,11.22
V-3126,2020-11-06,Georgia Tech,30332,GA,Undergraduate,On-Campus,Scholarship,Partial,12.14
V-3127,2020-11-18,Arizona State,85281,AZ,Undergraduate,On-Campus,Pell Grant,Partial,14.35
V-3128,2021-10-19,Rutgers,08901,NJ,Undergraduate,Off-Campus,Pell Grant,None,15.67
V-3129,2021-08-06,Georgia Tech,30332,GA,Undergraduate,Off-Campus,Pell Grant,Full,12.74
V-3130,2023-09-24,UMass Amherst,01003,MA,Undergraduate,Off-Campus,None,Full,20.24
V-3131,2022-06-28,Ohio State,43210,OH,Undergraduate,Off-Campus,None,None,11.73
V-3132,2023-05-15,Ohio State,43210,OH,Undergraduate,Off-Campus,Pell Grant,None,13.17
V-3133,2024-05-22,Texas A&M,77843,TX,Undergraduate,Off-Campus,None,Full,14.19
V-3134,2024-04-14,UF Gainesville,32611,FL,Undergraduate,Off-Campus,None,None,16.55
V-3135,2023-11-12,UW Seattle,98195,WA,Undergraduate,Off-Campus,None,None,18.54
V-3136,2021-02-12,Georgia Tech,30332,GA,Undergraduate,Off-Campus,Pell Grant,Partial,7.9
V-3137,2023-05-23,Rutgers,08901,NJ,Undergraduate,On-Campus,Scholarship,Partial,10.28
V-3138,2022-07-15,Ohio State,43210,OH,Undergraduate,On-Campus,Pell Grant,None,15.22
V-3139,2023-11-19,Georgia Tech,30332,GA,Undergraduate,Off-Campus,None,Partial,10.77
V-3140,2022-08-18,UW Seattle,98195,WA,Undergraduate,On-Campus,Pell Grant,None,12.99
V-3141,2022-01-27,Arizona State,85281,AZ,Graduate,On-Campus,None,None,18.31
V-3142,2022-04-30,UF Gainesville,32611,FL,Undergraduate,Off-Campus,Pell Grant,None,18.6
V-3143,2023-07-20,UMass Amherst,01003,MA,Undergraduate,Off-Campus,Pell Grant,Partial,21.54
V-3144,2022-07-24,UW Seattle,98195,WA,Undergraduate,Off-Campus,Pell Grant,None,12.1
V-3145,2022-11-30,Texas A&M,77843,TX,Undergraduate,Off-Campus,Scholarship,Partial,16.47
V-3146,2023-11-04,UW Seattle,98195,WA,Graduate,Off-Campus,Pell Grant,Partial,19.76
V-3147,2023-07-08,Arizona State,85281,AZ,Undergraduate,On-Campus,Scholarship,Full,18.02
V-3148,2020-09-04,UW Seattle,98195,WA,Undergraduate,Off-Campus,None,Partial,8.1
V-3149,2021-01-01,UW Seattle,98195,WA,Graduate,On-Campus,Pell Grant,Partial,23.39
V-3150,2023-04-28,Ohio State,43210,OH,Undergraduate,Off-Campus,Pell Grant,None,12.24
V-3151,2021-03-17,Ohio State,43210,OH,Undergraduate,Off-Campus,None,None,7.43
V-3152,2021-08-19,Arizona State,85281,AZ,Undergraduate,On-Campus,Pell Grant,Partial,11.16
V-3153,2024-04-02,Rutgers,08901,NJ,Graduate,Off-Campus,None,Full,20.35
V-3154,2020-04-30,Rutgers,08901,NJ,Undergraduate,Off-Campus,Pell Grant,None,8.02
V-3155,2022-05-11,Texas A&M,77843,TX,Undergraduate,Off-Campus,Pell Grant,None,13.71
V-3156,2024-04-29,UMass Amherst,01003,MA,Undergraduate,Off-Campus,Scholarship,None,18.11
V-3157,2023-02-22,UW Seattle,98195,WA,Undergraduate,Off-Campus,Pell Grant,Partial,11.29
V-3158,2024-02-20,Texas A&M,77843,TX,Graduate,Off-Campus,Scholarship,None,27.49
V-3159,2021-11-17,UF Gainesville,32611,FL,Undergraduate,Off-Campus,Pell Grant,None,23.16
V-3160,2021-09-25,Ohio State,43210,OH,Undergraduate,On-Campus,Scholarship,Partial,12.4
V-3161,2022-08-05,Texas A&M,77843,TX,Undergraduate,On-Campus,None,None,16.46
V-3162,2023-09-20,UF Gainesville,32611,FL,Graduate,Off-Campus,Scholarship,Partial,22.5
V-3163,2023-08-29,Texas A&M,77843,TX,Undergraduate,On-Campus,None,None,14.38
V-3164,2023-04-15,UF Gainesville,32611,FL,Undergraduate,On-Campus,None,Full,13.67
V-3165,2022-01-10,Rutgers,08901,NJ,Undergraduate,Off-Campus,Pell Grant,Partial,6.94
V-3166,2023-09-04,Michigan State,48824,MI,Graduate,Off-Campus,None,Partial,20.37
V-3167,2022-06-27,Georgia Tech,30332,GA,Undergraduate,On-Campus,None,None,17.14
V-3168,2024-07-15,Michigan State,48824,MI,Undergraduate,Off-Campus,None,None,13.33
V-3169,2022-07-10,Michigan State,48824,MI,Undergraduate,Off-Campus,Pell Grant,Partial,2.42
V-3170,2024-03-31,UW Seattle,98195,WA,Graduate,Off-Campus,Scholarship,None,27.45
V-3171,2023-11-16,UC Irvine,92697,CA,Undergraduate,Off-Campus,None,None,16.69
V-3172,2022-06-27,UW Seattle,98195,WA,Undergraduate,Off-Campus,None,Full,18.59
V-3173,2022-07-25,UC Irvine,92697,CA,Undergraduate,On-Campus,Pell Grant,None,13.18
V-3174,2023-10-27,UF Gainesville,32611,FL,Undergraduate,On-Campus,Scholarship,None,15.7
V-3175,2023-09-01,UMass Amherst,01003,MA,Undergraduate,On-Campus,Pell Grant,Full,17.22
V-3176,2023-11-08,UF Gainesville,32611,FL,Undergraduate,On-Campus,Scholarship,None,13.75
V-3177,2020-12-17,Texas A&M,77843,TX,Undergraduate,On-Campus,Pell Grant,None,17.14
V-3178,2022-09-11,UF Gainesville,32611,FL,Undergraduate,Off-Campus,Pell Grant,None,11.94
V-3179,2023-09-09,UMass Amherst,01003,MA,Undergraduate,Off-Campus,None,None,22.71
V-3180,2022-07-17,Arizona State,85281,AZ,Undergraduate,Off-Campus,Pell Grant,Partial,9.49
V-3181,2023-09-09,UMass Amherst,01003,MA,Undergraduate,Off-Campus,Pell Grant,Partial,16.9
V-3182,2023-02-21,Texas A&M,77843,TX,Undergraduate,Off-Campus,Pell Grant,Partial,11.9
V-3183,2023-09-09,Texas A&M,77843,TX,Undergraduate,Off-Campus,Pell Grant,None,11.23
V-3184,2022-12-15,Arizona State,85281,AZ,Undergraduate,Off-Campus,Scholarship,Partial,10.83
V-3185,2024-03-12,Arizona State,85281,AZ,Undergraduate,On-Campus,None,Partial,5.0
V-3186,2023-01-30,Arizona State,85281,AZ,Undergraduate,Off-Campus,Pell Grant,Partial,10.41
V-3187,2022-11-04,Georgia Tech,30332,GA,Undergraduate,Off-Campus,Pell Grant,None,17.67
V-3188,2021-06-29,Arizona State,85281,AZ,Undergraduate,On-Campus,None,None,16.21
V-3189,2023-12-20,Michigan State,48824,MI,Undergraduate,Off-Campus,Pell Grant,Partial,10.43
V-3190,2023-02-26,UC Irvine,92697,CA,Undergraduate,Off-Campus,Scholarship,Partial,16.42
V-3191,2023-04-18,Ohio State,43210,OH,Undergraduate,Off-Campus,None,None,11.75
V-3192,2023-08-22,UW Seattle,98195,WA,Graduate,On-Campus,Pell Grant,None,13.47
V-3193,2023-06-05,Arizona State,85281,AZ,Graduate,Off-Campus,Scholarship,None,24.2
V-3194,2021-02-10,Ohio State,43210,OH,Undergraduate,Off-Campus,Pell Grant,Partial,16.92
V-3195,2023-04-15,UC Irvine,92697,CA,Undergraduate,Off-Campus,Pell Grant,None,12.43
V-3196,2022-09-01,UC Irvine,92697,CA,Undergraduate,On-Campus,Pell Grant,Partial,18.79
V-3197,2022-06-24,UF Gainesville,32611,FL,Undergraduate,On-Campus,None,None,13.63
V-3198,2024-01-29,Arizona State,85281,AZ,Undergraduate,On-Campus,None,Partial,15.65
V-3199,2023-12-30,Michigan State,48824,MI,Undergraduate,Off-Campus,None,None,14.62
V-3200,2021-10-24,UW Seattle,98195,WA,Undergraduate,Off-Campus,Scholarship,None,8.62
V-3201,2023-07-30,UF Gainesville,32611,FL,Undergraduate,Off-Campus,None,None,13.86
V-3202,2023-02-10,UC Irvine,92697,CA,Graduate,Off-Campus,Pell Grant,Full,15.82
V-3203,2021-12-15,Rutgers,08901,NJ,Graduate,Off-Campus,Pell Grant,Full,21.65
V-3204,2020-11-12,UW Seattle,98195,WA,Undergraduate,On-Campus,Pell Grant,None,15.21
V-3205,2024-01-13,Arizona State,85281,AZ,Undergraduate,On-Campus,Pell Grant,Partial,7.72
V-3206,2023-06-22,UW Seattle,98195,WA,Undergraduate,Off-Campus,Pell Grant,None,17.13
V-3207,2023-08-11,UF Gainesville,32611,FL,Undergraduate,Off-Campus,Pell Grant,Partial,14.55
V-3208,2024-05-07,Texas A&M,77843,TX,Undergraduate,Off-Campus,None,Full,8.72
V-3209,2020-12-23,Georgia Tech,30332,GA,Graduate,Off-Campus,Scholarship,None,19.56
V-3210,2023-08-17,UW Seattle,98195,WA,Undergraduate,Off-Campus,Pell Grant,Partial,13.43
V-3211,2023-02-07,UMass Amherst,01003,MA,Undergraduate,Off-Campus,None,None,11.66
V-3212,2023-03-13,Rutgers,08901,NJ,Undergraduate,Off-Campus,None,Partial,9.96
V-3213,2022-08-15,UW Seattle,98195,WA,Undergraduate,Off-Campus,Pell Grant,Partial,15.48
V-3214,2023-05-05,Ohio State,43210,OH,Undergraduate,Off-Campus,Pell Grant,None,14.98
V-3215,2023-04-10,Michigan State,48824,MI,Undergraduate,Off-Campus,Pell Grant,Full,15.12
V-3216,2021-11-11,UC Irvine,92697,CA,Undergraduate,On-Campus,None,Partial,17.96
V-3217,2023-04-20,Michigan State,48824,MI,Graduate,On-Campus,Pell Grant,Partial,26.67
V-3218,2022-12-23,Georgia Tech,30332,GA,Undergraduate,On-Campus,None,None,6.15
V-3219,2023-01-24,Michigan State,48824,MI,Undergraduate,Off-Campus,Pell Grant,None,15.88
V-3220,2021-11-21,UW Seattle,98195,WA,Undergraduate,Off-Campus,None,None,11.42
V-3221,2021-03-28,UMass Amherst,01003,MA,Undergraduate,Off-Campus,Scholarship,None,15.02
V-3222,2022-10-23,UW Seattle,98195,WA,Undergraduate,Off-Campus,Pell Grant,Partial,11.21
V-3223,2022-03-28,Texas A&M,77843,TX,Undergraduate,On-Campus,None,None,21.52
V-3224,2023-03-06,Texas A&M,77843,TX,Undergraduate,On-Campus,Scholarship,None,16.75
V-3225,2024-04-23,UF Gainesville,32611,FL,Undergraduate,On-Campus,Scholarship,None,14.67
V-3226,2023-01-06,Rutgers,08901,NJ,Undergraduate,Off-Campus,Scholarship,Partial,19.15
V-3227,2020-10-24,UF Gainesville,32611,FL,Undergraduate,Off-Campus,Scholarship,Partial,9.22
V-3228,2022-12-06,Arizona State,85281,AZ,Undergraduate,Off-Campus,Pell Grant,None,16.73
V-3229,2020-06-19,UMass Amherst,01003,MA,Undergraduate,Off-Campus,Pell Grant,Partial,11.44
V-3230,2023-03-01,Michigan State,48824,MI,Undergraduate,Off-Campus,Pell Grant,Partial,14.11
V-3231,2021-03-30,UW Seattle,98195,WA,Undergraduate,Off-Campus,None,Partial,19.81
V-3232,2024-08-15,Rutgers,08901,NJ,Undergraduate,Off-Campus,None,None,25.26
V-3233,2022-01-25,Georgia Tech,30332,GA,Undergraduate,On-Campus,Scholarship,Partial,15.16
V-3234,2022-12-16,Rutgers,08901,NJ,Undergraduate,On-Campus,Scholarship,None,11.33
V-3235,2021-05-21,UC Irvine,92697,CA,Undergraduate,On-Campus,None,None,12.6
V-3236,2023-12-17,UMass Amherst,01003,MA,Undergraduate,Off-Campus,Scholarship,None,12.31
V-3237,2023-01-08,Arizona State,85281,AZ,Undergraduate,Off-Campus,Pell Grant,None,11.98
V-3238,2023-09-29,Michigan State,48824,MI,Graduate,Off-Campus,None,None,21.47
V-3239,2021-06-20,UMass Amherst,01003,MA,Undergraduate,Off-Campus,None,None,10.48
V-3240,2020-10-23,UMass Amherst,01003,MA,Undergraduate,Off-Campus,Pell Grant,None,17.36
V-3241,2022-03-06,UC Irvine,92697,CA,Undergraduate,Off-Campus,None,None,12.89
V-3242,2022-10-05,Arizona State,85281,AZ,Graduate,On-Campus,Pell Grant,None,19.96
V-3243,2023-03-26,Arizona State,85281,AZ,Undergraduate,Off-Campus,None,None,12.38
V-3244,2023-03-19,Ohio State,43210,OH,Undergraduate,Off-Campus,Scholarship,Partial,9.63
V-3245,2021-05-22,Ohio State,43210,OH,Undergraduate,Off-Campus,Pell Grant,Full,8.62
V-3246,2022-07-29,UMass Amherst,01003,MA,Undergraduate,Off-Campus,Pell Grant,None,14.93
V-3247,2024-07-28,UMass Amherst,01003,MA,Graduate,Off-Campus,None,None,20.35
V-3248,2024-08-08,Georgia Tech,30332,GA,Undergraduate,Off-Campus,Pell Grant,None,16.81
V-3249,2023-07-24,UW Seattle,98195,WA,Graduate,Off-Campus,Scholarship,Full,24.91
V-3250,2022-04-09,Texas A&M,77843,TX,Undergraduate,Off-Campus,Scholarship,None,10.9
V-3251,2022-12-14,Michigan State,48824,MI,Undergraduate,On-Campus,Pell Grant,Full,22.96
V-3252,2023-09-18,UW Seattle,98195,WA,Undergraduate,On-Campus,None,None,11.12
V-3253,2024-04-26,Ohio State,43210,OH,Undergraduate,Off-Campus,None,Partial,10.84
V-3254,2021-01-03,Rutgers,08901,NJ,Undergraduate,Off-Campus,Pell Grant,Full,16.3
V-3255,2023-04-28,Arizona State,85281,AZ,Graduate,Off-Campus,Pell Grant,Full,20.54
V-3256,2023-02-22,UW Seattle,98195,WA,Undergraduate,On-Campus,Pell Grant,Partial,11.43
V-3257,2024-01-05,Rutgers,08901,NJ,Undergraduate,On-Campus,Pell Grant,Partial,10.29
V-3258,2023-03-07,UC Irvine,92697,CA,Undergraduate,Off-Campus,Pell Grant,Partial,10.78
V-3259,2020-07-15,Michigan State,48824,MI,Undergraduate,Off-Campus,Pell Grant,Partial,12.57
V-3260,2024-07-21,Michigan State,48824,MI,Undergraduate,On-Campus,Pell Grant,None,21.13
V-3261,2021-03-14,UC Irvine,92697,CA,Undergraduate,On-Campus,Pell Grant,Full,6.43
V-3262,2023-07-08,UF Gainesville,32611,FL,Graduate,Off-Campus,Pell Grant,None,21.31
V-3263,2021-07-05,Texas A&M,77843,TX,Undergraduate,Off-Campus,Pell Grant,Partial,16.05
V-3264,2023-03-31,Rutgers,08901,NJ,Graduate,Off-Campus,Scholarship,Partial,18.59
V-3265,2024-02-13,Texas A&M,77843,TX,Undergraduate,Off-Campus,Pell Grant,None,21.0
V-3266,2023-06-05,Ohio State,43210,OH,Undergraduate,Off-Campus,Pell Grant,None,15.74
V-3267,2021-07-16,Texas A&M,77843,TX,Undergraduate,On-Campus,None,Partial,16.47
V-3268,2022-05-14,UF Gainesville,32611,FL,Undergraduate,Off-Campus,Pell Grant,None,16.95
V-3269,2022-05-02,UMass Amherst,01003,MA,Graduate,On-Campus,Pell Grant,None,24.38
V-3270,2021-10-28,UMass Amherst,01003,MA,Undergraduate,On-Campus,None,Partial,12.81
V-3271,2022-01-08,UC Irvine,92697,CA,Undergraduate,Off-Campus,Pell Grant,None,20.1
V-3272,2023-05-05,Georgia Tech,30332,GA,Undergraduate,Off-Campus,Pell Grant,Partial,14.3
V-3273,2022-11-29,UC Irvine,92697,CA,Graduate,Off-Campus,Scholarship,Partial,19.35
V-3274,2021-08-20,Texas A&M,77843,TX,Undergraduate,Off-Campus,Pell Grant,None,12.15
V-3275,2023-09-30,Ohio State,43210,OH,Undergraduate,Off-Campus,Pell Grant,Partial,13.55
V-3276,2022-10-10,Rutgers,08901,NJ,Undergraduate,Off-Campus,Pell Grant,None,12.77
V-3277,2020-10-15,UF Gainesville,32611,FL,Undergraduate,On-Campus,Pell Grant,Partial,12.83
V-3278,2022-11-03,UMass Amherst,01003,MA,Graduate,On-Campus,None,Partial,20.59
V-3279,2021-04-02,UW Seattle,98195,WA,Undergraduate,On-Campus,Pell Grant,Partial,13.26
V-3280,2023-02-13,Rutgers,08901,NJ,Graduate,On-Campus,Pell Grant,None,19.67
V-3281,2023-12-08,UW Seattle,98195,WA,Undergraduate,On-Campus,None,None,18.19
V-3282,2021-07-22,Ohio State,43210,OH,Undergraduate,Off-Campus,Scholarship,Full,13.91
V-3283,2022-07-25,Texas A&M,77843,TX,Undergraduate,Off-Campus,Pell Grant,Partial,15.72
V-3284,2024-05-23,Texas A&M,77843,TX,Undergraduate,On-Campus,Scholarship,Partial,11.87
V-3285,2023-07-24,UF Gainesville,32611,FL,Undergraduate,Off-Campus,None,Partial,9.97
V-3286,2023-09-26,Ohio State,43210,OH,Undergraduate,On-Campus,Scholarship,Full,17.59
V-3287,2021-01-27,Arizona State,85281,AZ,Graduate,Off-Campus,None,None,22.1
V-3288,2022-08-24,UF Gainesville,32611,FL,Undergraduate,Off-Campus,Scholarship,Partial,10.2
V-3289,2024-09-20,Texas A&M,77843,TX,Undergraduate,Off-Campus,Pell Grant,Partial,11.42
V-3290,2023-05-30,Arizona State,85281,AZ,Undergraduate,Off-Campus,Pell Grant,Partial,19.58
V-3291,2022-10-21,Rutgers,08901,NJ,Undergraduate,On-Campus,None,Partial,12.27
V-3292,2024-01-29,Ohio State,43210,OH,Undergraduate,Off-Campus,None,None,12.56
V-3293,2023-09-16,Michigan State,48824,MI,Undergraduate,Off-Campus,Scholarship,Partial,10.59
V-3294,2022-09-01,Arizona State,85281,AZ,Undergraduate,On-Campus,Pell Grant,Partial,9.8
V-3295,2023-09-02,UMass Amherst,01003,MA,Graduate,Off-Campus,None,Full,29.4
V-3296,2022-01-12,Arizona State,85281,AZ,Undergraduate,On-Campus,Pell Grant,None,13.05
V-3297,2022-12-06,Michigan State,48824,MI,Undergraduate,Off-Campus,None,None,13.06
V-3298,2021-09-28,UC Irvine,92697,CA,Undergraduate,On-Campus,Scholarship,None,8.76
V-3299,2021-01-07,UC Irvine,92697,CA,Undergraduate,Off-Campus,None,None,6.09
V-3300,2023-04-01,UMass Amherst,01003,MA,Graduate,Off-Campus,None,Partial,27.34
V-3301,2022-10-03,Georgia Tech,30332,GA,Graduate,Off-Campus,None,None,24.21
V-3302,2023-07-24,Ohio State,43210,OH,Undergraduate,On-Campus,Scholarship,None,15.39
V-3303,2020-05-13,Michigan State,48824,MI,Undergraduate,On-Campus,Pell Grant,None,2.0
V-3304,2023-07-16,UF Gainesville,32611,FL,Undergraduate,Off-Campus,Pell Grant,None,13.7
V-3305,2022-07-31,Georgia Tech,30332,GA,Undergraduate,On-Campus,Scholarship,None,14.46
V-3306,2024-09-05,Rutgers,08901,NJ,Undergraduate,Off-Campus,Pell Grant,Partial,16.01
V-3307,2024-03-31,UC Irvine,92697,CA,Undergraduate,Off-Campus,Scholarship,Partial,4.55
V-3308,2023-08-09,Ohio State,43210,OH,Undergraduate,On-Campus,Scholarship,Partial,20.24
V-3309,2024-01-22,UW Seattle,98195,WA,Undergraduate,Off-Campus,Scholarship,Full,16.72
V-3310,2022-11-16,Texas A&M,77843,TX,Graduate,Off-Campus,Pell Grant,Partial,10.87
V-3311,2024-07-29,Rutgers,08901,NJ,Undergraduate,On-Campus,None,None,13.6
V-3312,2023-07-21,UW Seattle,98195,WA,Undergraduate,Off-Campus,Scholarship,Partial,11.78
V-3313,2023-02-25,Rutgers,08901,NJ,Undergraduate,Off-Campus,Pell Grant,None,14.38
V-3314,2022-09-30,Michigan State,48824,MI,Undergraduate,Off-Campus,Pell Grant,Partial,13.2
V-3315,2023-12-04,Texas A&M,77843,TX,Graduate,Off-Campus,Pell Grant,None,22.42
V-3316,2023-03-06,Arizona State,85281,AZ,Graduate,Off-Campus,None,None,13.09
V-3317,2022-11-30,Rutgers,08901,NJ,Undergraduate,Off-Campus,None,Partial,14.78
V-3318,2024-01-13,Ohio State,43210,OH,Undergraduate,Off-Campus,Scholarship,None,11.42
V-3319,2021-07-12,Texas A&M,77843,TX,Graduate,On-Campus,Pell Grant,None,16.81
V-3320,2022-04-27,UMass Amherst,01003,MA,Undergraduate,On-Campus,Pell Grant,Full,13.25
V-3321,2022-01-11,Texas A&M,77843,TX,Undergraduate,On-Campus,Pell Grant,None,19.66
V-3322,2021-09-25,Michigan State,48824,MI,Undergraduate,On-Campus,Scholarship,Partial,15.23
V-3323,2022-06-28,UMass Amherst,01003,MA,Undergraduate,Off-Campus,Pell Grant,None,13.29
V-3324,2024-10-12,Rutgers,08901,NJ,Undergraduate,Off-Campus,Pell Grant,None,10.51
V-3325,2024-03-01,Ohio State,43210,OH,Graduate,Off-Campus,None,Partial,21.09
V-3326,2022-11-20,Georgia Tech,30332,GA,Undergraduate,On-Campus,Pell Grant,None,10.42
V-3327,2021-10-28,UC Irvine,92697,CA,Undergraduate,Off-Campus,Pell Grant,Full,17.39
V-3328,2020-11-04,Ohio State,43210,OH,Undergraduate,On-Campus,None,None,12.28
V-3329,2023-04-24,Ohio State,43210,OH,Undergraduate,Off-Campus,Pell Grant,Partial,10.22
V-3330,2022-10-13,Rutgers,08901,NJ,Undergraduate,Off-Campus,Pell Grant,None,13.59
V-3331,2023-02-10,UMass Amherst,01003,MA,Graduate,Off-Campus,Pell Grant,Partial,24.24
V-3332,2022-12-09,Texas A&M,77843,TX,Undergraduate,Off-Campus,None,Partial,17.92
V-3333,2024-03-05,UF Gainesville,32611,FL,Undergraduate,Off-Campus,Pell Grant,Partial,14.32
V-3334,2022-06-19,Arizona State,85281,AZ,Graduate,Off-Campus,Pell Grant,Partial,22.68
V-3335,2024-07-16,UMass Amherst,01003,MA,Graduate,Off-Campus,Pell Grant,Partial,22.36
V-3336,2023-01-13,Ohio State,43210,OH,Undergraduate,Off-Campus,Pell Grant,Partial,7.46
V-3337,2024-07-08,Georgia Tech,30332,GA,Graduate,On-Campus,None,Partial,20.13
V-3338,2021-08-10,Arizona State,85281,AZ,Undergraduate,On-Campus,Pell Grant,Partial,6.7
V-3339,2022-03-31,Texas A&M,77843,TX,Undergraduate,Off-Campus,Scholarship,None,16.22
V-3340,2022-09-15,Arizona State,85281,AZ,Undergraduate,Off-Campus,Pell Grant,None,10.99
V-3341,2021-09-02,Rutgers,08901,NJ,Undergraduate,Off-Campus,Scholarship,None,13.93
V-3342,2022-10-27,UC Irvine,92697,CA,Undergraduate,Off-Campus,Scholarship,None,7.44
V-3343,2022-05-24,Michigan State,48824,MI,Undergraduate,Off-Campus,Scholarship,None,14.21
V-3344,2021-04-03,Arizona State,85281,AZ,Undergraduate,Off-Campus,None,None,12.37
V-3345,2023-03-19,Ohio State,43210,OH,Undergraduate,Off-Campus,Scholarship,None,16.29
V-3346,2024-03-31,UF Gainesville,32611,FL,Undergraduate,Off-Campus,Pell Grant,None,14.12
V-3347,2022-02-27,Georgia Tech,30332,GA,Undergraduate,Off-Campus,Pell Grant,None,13.83
V-3348,2022-11-08,Texas A&M,77843,TX,Undergraduate,Off-Campus,Pell Grant,Partial,18.65
V-3349,2024-11-23,Ohio State,43210,OH,Undergraduate,Off-Campus,None,Partial,19.53
V-3350,2022-04-13,Michigan State,48824,MI,Graduate,On-Campus,Scholarship,None,27.78
V-3351,2022-09-16,Georgia Tech,30332,GA,Undergraduate,Off-Campus,Scholarship,None,23.29
V-3352,2021-10-01,UW Seattle,98195,WA,Undergraduate,On-Campus,None,None,23.45
V-3353,2022-01-10,UC Irvine,92697,CA,Graduate,Off-Campus,None,Full,19.46
V-3354,2023-02-19,UC Irvine,92697,CA,Undergraduate,Off-Campus,None,None,15.11
V-3355,2024-10-22,Arizona State,85281,AZ,Undergraduate,Off-Campus,Scholarship,None,23.58
V-3356,2023-04-29,Rutgers,08901,NJ,Undergraduate,Off-Campus,Scholarship,Partial,19.81
V-3357,2021-10-03,Ohio State,43210,OH,Undergraduate,On-Campus,Scholarship,None,10.96
V-3358,2022-08-21,Ohio State,43210,OH,Undergraduate,Off-Campus,Scholarship,None,10.71
V-3359,2023-10-13,UF Gainesville,32611,FL,Undergraduate,Off-Campus,Pell Grant,None,7.39
V-3360,2022-12-17,Georgia Tech,30332,GA,Undergraduate,Off-Campus,Pell Grant,None,15.79
V-3361,2022-06-27,Texas A&M,77843,TX,Undergraduate,Off-Campus,Scholarship,None,19.46
V-3362,2023-11-14,UMass Amherst,01003,MA,Undergraduate,Off-Campus,None,None,12.06
V-3363,2023-01-08,Georgia Tech,30332,GA,Undergraduate,Off-Campus,Scholarship,None,11.53
V-3364,2022-03-04,Rutgers,08901,NJ,Undergraduate,On-Campus,Pell Grant,None,2.12
V-3365,2024-07-30,UF Gainesville,32611,FL,Undergraduate,Off-Campus,Scholarship,Full,18.03
V-3366,2023-03-20,UW Seattle,98195,WA,Undergraduate,Off-Campus,None,None,18.8
V-3367,2023-04-01,Texas A&M,77843,TX,Undergraduate,Off-Campus,Pell Grant,None,15.39
V-3368,2023-08-09,UW Seattle,98195,WA,Undergraduate,Off-Campus,None,None,11.86
V-3369,2022-11-17,UW Seattle,98195,WA,Undergraduate,Off-Campus,Pell Grant,Partial,13.35
V-3370,2022-09-02,Michigan State,48824,MI,Undergraduate,Off-Campus,Pell Grant,Partial,12.61
V-3371,2024-07-29,Michigan State,48824,MI,Graduate,Off-Campus,Pell Grant,None,23.85
V-3372,2024-07-06,UC Irvine,92697,CA,Undergraduate,Off-Campus,None,None,12.61
V-3373,2024-03-08,UF Gainesville,32611,FL,Undergraduate,Off-Campus,Pell Grant,Full,10.36
V-3374,2024-07-29,Ohio State,43210,OH,Graduate,Off-Campus,Pell Grant,None,14.11
V-3375,2023-01-31,UW Seattle,98195,WA,Undergraduate,Off-Campus,None,Full,12.08
V-3376,2023-07-12,UF Gainesville,32611,FL,Graduate,On-Campus,None,Partial,24.58
V-3377,2020-12-19,UF Gainesville,32611,FL,Graduate,On-Campus,None,Partial,15.17
V-3378,2020-12-10,UMass Amherst,01003,MA,Graduate,Off-Campus,Scholarship,Partial,12.46
V-3379,2022-05-22,Michigan State,48824,MI,Undergraduate,Off-Campus,Scholarship,Partial,9.03
V-3380,2022-12-24,UF Gainesville,32611,FL,Undergraduate,Off-Campus,Pell Grant,None,10.36
V-3381,2022-05-14,UC Irvine,92697,CA,Undergraduate,Off-Campus,Pell Grant,Partial,11.55
V-3382,2024-08-22,Michigan State,48824,MI,Undergraduate,Off-Campus,Scholarship,None,10.43
V-3383,2023-03-25,UMass Amherst,01003,MA,Undergraduate,Off-Campus,Pell Grant,None,6.09
V-3384,2024-09-21,Georgia Tech,30332,GA,Undergraduate,Off-Campus,Scholarship,None,18.9
V-3385,2023-08-07,Georgia Tech,30332,GA,Undergraduate,Off-Campus,Pell Grant,None,10.44
V-3386,2023-04-25,Texas A&M,77843,TX,Undergraduate,Off-Campus,Pell Grant,Partial,15.7
V-3387,2021-01-28,UMass Amherst,01003,MA,Undergraduate,Off-Campus,Scholarship,Partial,10.42
V-3388,2023-04-14,UMass Amherst,01003,MA,Undergraduate,Off-Campus,Scholarship,None,11.33
V-3389,2023-12-23,UC Irvine,92697,CA,Undergraduate,Off-Campus,None,None,17.92
V-3390,2020-09-27,Michigan State,48824,MI,Graduate,Off-Campus,Pell Grant,Full,18.04
V-3391,2021-12-25,Ohio State,43210,OH,Undergraduate,Off-Campus,Pell Grant,Partial,18.41
V-3392,2021-07-22,UF Gainesville,32611,FL,Undergraduate,On-Campus,Pell Grant,Partial,10.98
V-3393,2023-05-08,Michigan State,48824,MI,Undergraduate,Off-Campus,None,Partial,10.2
V-3394,2023-02-20,Ohio State,43210,OH,Graduate,On-Campus,None,None,18.98
V-3395,2022-01-29,Rutgers,08901,NJ,Undergraduate,Off-Campus,Pell Grant,None,10.94
V-3396,2021-12-18,Rutgers,08901,NJ,Graduate,Off-Campus,None,Partial,26.17
V-3397,2021-12-25,Georgia Tech,30332,GA,Undergraduate,Off-Campus,None,Partial,10.71
V-3398,2022-07-29,Ohio State,43210,OH,Undergraduate,Off-Campus,Pell Grant,Partial,15.23
V-3399,2024-06-28,Arizona State,85281,AZ,Undergraduate,On-Campus,None,Full,15.33
V-3400,2023-11-03,Texas A&M,77843,TX,Undergraduate,Off-Campus,None,Full,10.52
V-3401,2023-01-10,UF Gainesville,32611,FL,Undergraduate,Off-Campus,Pell Grant,None,10.85
V-3402,2023-10-09,Arizona State,85281,AZ,Undergraduate,Off-Campus,Pell Grant,None,15.42
V-3403,2022-07-20,UF Gainesville,32611,FL,Undergraduate,Off-Campus,Pell Grant,Partial,14.46
V-3404,2023-07-11,Texas A&M,77843,TX,Undergraduate,Off-Campus,Pell Grant,None,13.24
V-3405,2023-07-25,UC Irvine,92697,CA,Undergraduate,Off-Campus,Pell Grant,None,14.18
V-3406,2020-06-03,UF Gainesville,32611,FL,Undergraduate,On-Campus,Pell Grant,Partial,5.45
V-3407,2023-07-17,Ohio State,43210,OH,Undergraduate,On-Campus,Pell Grant,None,11.17
V-3408,2023-09-27,Texas A&M,77843,TX,Undergraduate,Off-Campus,Scholarship,None,18.74
V-3409,2022-04-22,Texas A&M,77843,TX,Undergraduate,Off-Campus,Pell Grant,None,11.49
V-3410,2022-11-03,Georgia Tech,30332,GA,Undergraduate,On-Campus,Pell Grant,None,18.0
V-3411,2024-10-08,UW Seattle,98195,WA,Undergraduate,Off-Campus,Pell Grant,Partial,20.2
V-3412,2022-01-07,Ohio State,43210,OH,Undergraduate,Off-Campus,Pell Grant,None,17.95
V-3413,2024-04-09,UF Gainesville,32611,FL,Undergraduate,On-Campus,Pell Grant,None,21.84
V-3414,2021-09-06,UMass Amherst,01003,MA,Undergraduate,On-Campus,None,Full,15.03
V-3415,2022-03-25,Arizona State,85281,AZ,Graduate,Off-Campus,None,None,26.01
V-3416,2022-12-06,UC Irvine,92697,CA,Undergraduate,Off-Campus,Pell Grant,Full,17.79
V-3417,2024-02-27,UC Irvine,92697,CA,Undergraduate,Off-Campus,None,Partial,8.11
V-3418,2023-03-18,UMass Amherst,01003,MA,Undergraduate,Off-Campus,Pell Grant,None,15.87
V-3419,2020-12-17,UW Seattle,98195,WA,Graduate,Off-Campus,Pell Grant,None,27.88
V-3420,2022-01-19,Michigan State,48824,MI,Undergraduate,Off-Campus,Pell Grant,None,5.78
V-3421,2021-10-24,Michigan State,48824,MI,Undergraduate,Off-Campus,Pell Grant,Partial,13.12
V-3422,2023-01-08,Texas A&M,77843,TX,Undergraduate,Off-Campus,Scholarship,None,9.8
V-3423,2022-11-24,UW Seattle,98195,WA,Graduate,Off-Campus,None,None,16.94
V-3424,2021-07-21,Arizona State,85281,AZ,Undergraduate,Off-Campus,Scholarship,None,10.83
V-3425,2023-10-07,UF Gainesville,32611,FL,Undergraduate,Off-Campus,Scholarship,None,16.29
V-3426,2023-11-12,Ohio State,43210,OH,Graduate,Off-Campus,Pell Grant,Partial,19.45
V-3427,2023-05-31,Ohio State,43210,OH,Undergraduate,Off-Campus,None,None,15.87
V-3428,2023-12-13,Texas A&M,77843,TX,Undergraduate,On-Campus,Scholarship,Full,22.6
V-3429,2022-11-17,UC Irvine,92697,CA,Undergraduate,Off-Campus,Pell Grant,None,18.23
V-3430,2023-02-03,Ohio State,43210,OH,Undergraduate,Off-Campus,Pell Grant,Partial,14.86
V-3431,2021-03-19,UMass Amherst,01003,MA,Undergraduate,On-Campus,None,None,11.68
V-3432,2022-10-21,Georgia Tech,30332,GA,Graduate,On-Campus,None,Full,21.83
V-3433,2021-07-21,UF Gainesville,32611,FL,Undergraduate,Off-Campus,Pell Grant,Partial,6.01
V-3434,2023-07-16,Arizona State,85281,AZ,Undergraduate,Off-Campus,Scholarship,None,12.83
V-3435,2021-05-16,Rutgers,08901,NJ,Undergraduate,Off-Campus,Scholarship,None,14.85
V-3436,2021-08-15,Georgia Tech,30332,GA,Undergraduate,Off-Campus,Pell Grant,None,13.61
V-3437,2022-11-28,UF Gainesville,32611,FL,Undergraduate,Off-Campus,None,Partial,18.54
V-3438,2021-05-22,Michigan State,48824,MI,Undergraduate,Off-Campus,Scholarship,Partial,16.67
V-3439,2023-12-06,Michigan State,48824,MI,Undergraduate,Off-Campus,None,None,16.59
V-3440,2023-05-14,UMass Amherst,01003,MA,Graduate,On-Campus,None,None,19.07
V-3441,2022-08-22,Georgia Tech,30332,GA,Graduate,On-Campus,None,None,17.65
V-3442,2024-06-02,UC Irvine,92697,CA,Undergraduate,On-Campus,Scholarship,None,20.03
V-3443,2023-08-02,Texas A&M,77843,TX,Undergraduate,On-Campus,Pell Grant,Full,16.35
V-3444,2021-06-05,UF Gainesville,32611,FL,Undergraduate,Off-Campus,Pell Grant,Partial,9.53
V-3445,2023-05-27,Texas A&M,77843,TX,Undergraduate,Off-Campus,Scholarship,None,18.51
V-3446,2022-06-26,Texas A&M,77843,TX,Undergraduate,Off-Campus,None,None,15.27
V-3447,2020-08-31,UF Gainesville,32611,FL,Undergraduate,Off-Campus,Pell Grant,None,11.87
V-3448,2023-07-20,Ohio State,43210,OH,Undergraduate,On-Campus,Scholarship,Full,17.89
V-3449,2024-08-21,Texas A&M,77843,TX,Undergraduate,Off-Campus,Scholarship,Partial,17.76
V-3450,2024-08-25,UW Seattle,98195,WA,Undergraduate,On-Campus,Scholarship,Partial,21.04
V-3451,2021-07-10,Arizona State,85281,AZ,Graduate,Off-Campus,Scholarship,None,24.5
V-3452,2023-06-06,UW Seattle,98195,WA,Undergraduate,Off-Campus,None,None,12.58
V-3453,2022-07-24,Georgia Tech,30332,GA,Undergraduate,Off-Campus,None,Partial,13.76
V-3454,2023-12-04,Ohio State,43210,OH,Undergraduate,Off-Campus,Pell Grant,Full,13.65
V-3455,2020-12-30,Rutgers,08901,NJ,Graduate,On-Campus,Scholarship,Partial,26.19
V-3456,2022-10-12,UF Gainesville,32611,FL,Undergraduate,Off-Campus,None,None,17.33
V-3457,2023-05-28,Rutgers,08901,NJ,Undergraduate,On-Campus,Scholarship,Partial,14.5
V-3458,2022-05-17,Ohio State,43210,OH,Undergraduate,Off-Campus,Pell Grant,None,10.91
V-3459,2024-08-15,UMass Amherst,01003,MA,Undergraduate,Off-Campus,Scholarship,None,15.87
V-3460,2022-07-21,Rutgers,08901,NJ,Undergraduate,Off-Campus,None,None,5.28
V-3461,2023-07-07,UC Irvine,92697,CA,Undergraduate,Off-Campus,None,Full,13.47
V-3462,2023-06-18,UF Gainesville,32611,FL,Undergraduate,On-Campus,Pell Grant,None,10.81
V-3463,2022-05-22,Ohio State,43210,OH,Undergraduate,On-Campus,None,None,17.59
V-3464,2021-07-03,UF Gainesville,32611,FL,Undergraduate,Off-Campus,Pell Grant,None,11.92
V-3465,2023-04-16,UW Seattle,98195,WA,Undergraduate,Off-Campus,Pell Grant,None,15.07
V-3466,2024-01-29,Georgia Tech,30332,GA,Graduate,Off-Campus,Pell Grant,Full,20.76
V-3467,2022-11-18,UW Seattle,98195,WA,Undergraduate,On-Campus,None,None,18.17
V-3468,2021-03-07,UW Seattle,98195,WA,Undergraduate,On-Campus,Scholarship,None,16.93
V-3469,2022-02-07,UW Seattle,98195,WA,Undergraduate,Off-Campus,Scholarship,Partial,15.8
V-3470,2022-10-05,UW Seattle,98195,WA,Undergraduate,Off-Campus,Scholarship,None,15.45
V-3471,2021-11-12,Arizona State,85281,AZ,Undergraduate,Off-Campus,None,None,7.18
V-3472,2021-05-10,UF Gainesville,32611,FL,Undergraduate,Off-Campus,Scholarship,None,12.23
V-3473,2022-06-28,Texas A&M,77843,TX,Undergraduate,Off-Campus,Pell Grant,Full,18.71
V-3474,2023-02-22,UW Seattle,98195,WA,Undergraduate,On-Campus,None,None,15.32
V-3475,2023-03-31,Michigan State,48824,MI,Undergraduate,Off-Campus,Pell Grant,None,13.32
V-3476,2021-11-02,Texas A&M,77843,TX,Undergraduate,Off-Campus,None,None,11.5
V-3477,2021-01-05,UC Irvine,92697,CA,Graduate,Off-Campus,None,Partial,16.87
V-3478,2023-04-06,Arizona State,85281,AZ,Graduate,Off-Campus,Pell Grant,Partial,20.99
V-3479,2023-11-25,UC Irvine,92697,CA,Undergraduate,On-Campus,None,None,12.75
V-3480,2022-06-07,Rutgers,08901,NJ,Undergraduate,Off-Campus,Scholarship,None,18.32
V-3481,2022-03-24,Georgia Tech,30332,GA,Graduate,Off-Campus,None,None,12.95
V-3482,2020-09-10,UF Gainesville,32611,FL,Undergraduate,Off-Campus,Scholarship,None,15.54
V-3483,2023-03-30,UF Gainesville,32611,FL,Undergraduate,Off-Campus,Scholarship,None,20.19
V-3484,2023-09-02,Arizona State,85281,AZ,Undergraduate,On-Campus,None,None,10.71
V-3485,2022-07-11,Georgia Tech,30332,GA,Undergraduate,On-Campus,Pell Grant,Partial,16.54
V-3486,2021-07-05,UW Seattle,98195,WA,Undergraduate,Off-Campus,Scholarship,None,14.74
V-3487,2024-01-14,Georgia Tech,30332,GA,Undergraduate,On-Campus,Scholarship,None,12.01
V-3488,2024-07-18,Michigan State,48824,MI,Graduate,Off-Campus,None,None,17.05
V-3489,2021-05-20,UC Irvine,92697,CA,Undergraduate,Off-Campus,None,Partial,14.97
V-3490,2023-11-17,Rutgers,08901,NJ,Undergraduate,On-Campus,None,None,22.57
V-3491,2023-10-13,UMass Amherst,01003,MA,Undergraduate,On-Campus,Scholarship,None,20.0
V-3492,2023-07-26,Rutgers,08901,NJ,Undergraduate,Off-Campus,Scholarship,None,17.4
V-3493,2022-04-11,Arizona State,85281,AZ,Undergraduate,Off-Campus,Pell Grant,None,15.62
V-3494,2023-05-28,UMass Amherst,01003,MA,Undergraduate,Off-Campus,Pell Grant,Partial,15.52
V-3495,2020-10-11,UMass Amherst,01003,MA,Graduate,Off-Campus,Scholarship,Partial,18.3
V-3496,2023-03-29,UF Gainesville,32611,FL,Undergraduate,Off-Campus,Scholarship,None,16.67
V-3497,2021-10-13,Georgia Tech,30332,GA,Undergraduate,Off-Campus,None,Partial,10.16
V-3498,2022-01-23,Arizona State,85281,AZ,Undergraduate,On-Campus,Scholarship,None,17.11
V-3499,2021-12-15,Michigan State,48824,MI,Undergraduate,Off-Campus,Scholarship,None,13.52
V-3500,2021-08-13,Rutgers,08901,NJ,Undergraduate,Off-Campus,Pell Grant,None,13.31
V-3501,2024-04-03,Georgia Tech,30332,GA,Graduate,Off-Campus,Pell Grant,None,27.89
V-3502,2021-08-17,Arizona State,85281,AZ,Undergraduate,Off-Campus,Scholarship,None,8.36
V-3503,2021-09-07,Ohio State,43210,OH,Undergraduate,On-Campus,None,None,16.05
V-3504,2023-07-08,UMass Amherst,01003,MA,Graduate,Off-Campus,Pell Grant,Partial,26.68
V-3505,2022-05-14,UMass Amherst,01003,MA,Graduate,Off-Campus,Scholarship,None,22.05
V-3506,2022-11-05,UMass Amherst,01003,MA,Graduate,Off-Campus,Scholarship,None,21.19
V-3507,2022-04-19,Ohio State,43210,OH,Undergraduate,Off-Campus,None,None,13.66
V-3508,2022-04-23,Georgia Tech,30332,GA,Undergraduate,Off-Campus,Pell Grant,None,17.32
V-3509,2022-02-19,UF Gainesville,32611,FL,Undergraduate,Off-Campus,Pell Grant,None,5.89
V-3510,2024-04-09,Arizona State,85281,AZ,Undergraduate,Off-Campus,Pell Grant,Partial,17.41
V-3511,2021-05-14,UMass Amherst,01003,MA,Undergraduate,Off-Campus,Pell Grant,Partial,11.92
V-3512,2023-06-12,Ohio State,43210,OH,Undergraduate,Off-Campus,None,Partial,14.56
V-3513,2024-06-08,Rutgers,08901,NJ,Undergraduate,Off-Campus,Pell Grant,None,17.51
V-3514,2023-07-02,UW Seattle,98195,WA,Undergraduate,Off-Campus,Pell Grant,None,11.09
V-3515,2022-05-06,Michigan State,48824,MI,Graduate,Off-Campus,None,None,17.51
V-3516,2021-04-18,Texas A&M,77843,TX,Graduate,Off-Campus,Pell Grant,Partial,24.47
V-3517,2021-08-07,Michigan State,48824,MI,Undergraduate,Off-Campus,None,None,11.86
V-3518,2021-07-14,Rutgers,08901,NJ,Undergraduate,Off-Campus,Scholarship,None,8.65
V-3519,2021-04-30,UC Irvine,92697,CA,Undergraduate,On-Campus,Scholarship,None,15.23
V-3520,2021-09-26,UF Gainesville,32611,FL,Undergraduate,Off-Campus,None,Partial,18.78
V-3521,2023-02-12,UF Gainesville,32611,FL,Graduate,On-Campus,Pell Grant,None,15.45
V-3522,2023-07-02,Georgia Tech,30332,GA,Undergraduate,Off-Campus,Pell Grant,None,18.94
V-3523,2022-03-12,Arizona State,85281,AZ,Undergraduate,On-Campus,Pell Grant,Partial,19.62
V-3524,2020-11-02,Arizona State,85281,AZ,Graduate,Off-Campus,None,None,22.56
V-3525,2023-03-18,UMass Amherst,01003,MA,Undergraduate,Off-Campus,Pell Grant,None,14.13
V-3526,2023-12-11,UW Seattle,98195,WA,Graduate,Off-Campus,None,Partial,25.52
V-3527,2024-09-08,UF Gainesville,32611,FL,Graduate,Off-Campus,Pell Grant,Full,26.55
V-3528,2024-09-30,UW Seattle,98195,WA,Graduate,Off-Campus,Pell Grant,Partial,17.44
V-3529,2023-11-01,UF Gainesville,32611,FL,Undergraduate,Off-Campus,None,None,18.25
V-3530,2021-05-23,UF Gainesville,32611,FL,Undergraduate,Off-Campus,Pell Grant,Full,13.62
V-3531,2022-08-19,Georgia Tech,30332,GA,Undergraduate,Off-Campus,Scholarship,None,14.45
V-3532,2023-05-18,Georgia Tech,30332,GA,Graduate,Off-Campus,Scholarship,Partial,13.81
V-3533,2022-05-15,Texas A&M,77843,TX,Undergraduate,On-Campus,Pell Grant,None,6.16
V-3534,2023-09-22,UMass Amherst,01003,MA,Undergraduate,Off-Campus,None,None,15.51
V-3535,2023-08-28,Texas A&M,77843,TX,Undergraduate,Off-Campus,Scholarship,None,14.47
V-3536,2022-02-20,UMass Amherst,01003,MA,Graduate,Off-Campus,Pell Grant,None,19.2
V-3537,2024-04-04,Texas A&M,77843,TX,Graduate,Off-Campus,None,None,20.46
V-3538,2023-05-21,Rutgers,08901,NJ,Undergraduate,On-Campus,None,None,10.87
V-3539,2023-08-11,Michigan State,48824,MI,Undergraduate,Off-Campus,Pell Grant,None,18.38
V-3540,2020-09-17,UF Gainesville,32611,FL,Graduate,Off-Campus,None,None,24.37
V-3541,2021-08-16,UC Irvine,92697,CA,Undergraduate,Off-Campus,Pell Grant,Partial,7.6
V-3542,2023-11-30,Arizona State,85281,AZ,Undergraduate,Off-Campus,None,Partial,17.93
V-3543,2022-09-15,Georgia Tech,30332,GA,Undergraduate,On-Campus,Pell Grant,Full,9.3
V-3544,2023-04-14,Arizona State,85281,AZ,Undergraduate,Off-Campus,Pell Grant,Partial,13.65
V-3545,2023-11-26,UF Gainesville,32611,FL,Undergraduate,Off-Campus,Pell Grant,Full,16.86
V-3546,2025-01-05,Michigan State,48824,MI,Graduate,Off-Campus,Scholarship,None,19.27
V-3547,2023-06-18,UC Irvine,92697,CA,Graduate,Off-Campus,Scholarship,Full,17.4
V-3548,2024-07-25,UC Irvine,92697,CA,Graduate,On-Campus,Pell Grant,Full,21.68
V-3549,2023-10-28,Rutgers,08901,NJ,Undergraduate,Off-Campus,Scholarship,Partial,18.49
V-3550,2021-07-26,Georgia Tech,30332,GA,Graduate,On-Campus,Scholarship,Partial,17.23
V-3551,2021-05-06,Texas A&M,77843,TX,Undergraduate,Off-Campus,Pell Grant,None,9.68
V-3552,2022-03-20,Texas A&M,77843,TX,Undergraduate,Off-Campus,None,None,11.98
V-3553,2021-04-06,UW Seattle,98195,WA,Graduate,Off-Campus,None,Partial,23.67
V-3554,2022-06-27,UMass Amherst,01003,MA,Undergraduate,On-Campus,Pell Grant,None,14.1
V-3555,2022-09-29,Michigan State,48824,MI,Graduate,Off-Campus,Pell Grant,None,20.61
V-3556,2021-09-26,Georgia Tech,30332,GA,Undergraduate,Off-Campus,Pell Grant,Partial,12.03
V-3557,2021-01-04,Michigan State,48824,MI,Undergraduate,Off-Campus,Scholarship,Partial,12.12
V-3558,2021-06-23,Georgia Tech,30332,GA,Graduate,On-Campus,Pell Grant,Partial,22.08
V-3559,2022-12-31,Georgia Tech,30332,GA,Graduate,Off-Campus,None,None,20.95
V-3560,2023-12-24,Michigan State,48824,MI,Graduate,Off-Campus,Scholarship,None,28.29
V-3561,2023-08-23,Rutgers,08901,NJ,Undergraduate,Off-Campus,Pell Grant,Partial,13.07
V-3562,2021-10-10,UF Gainesville,32611,FL,Undergraduate,On-Campus,Scholarship,None,18.88
V-3563,2021-02-17,Arizona State,85281,AZ,Undergraduate,Off-Campus,Pell Grant,None,7.39
V-3564,2022-07-23,Ohio State,43210,OH,Graduate,Off-Campus,Pell Grant,Partial,20.62
V-3565,2022-12-06,UMass Amherst,01003,MA,Undergraduate,Off-Campus,Pell Grant,None,14.39
V-3566,2023-11-21,Michigan State,48824,MI,Undergraduate,Off-Campus,Pell Grant,None,20.61
V-3567,2023-04-13,Ohio State,43210,OH,Undergraduate,Off-Campus,Pell Grant,Full,13.37
V-3568,2024-02-23,UF Gainesville,32611,FL,Undergraduate,Off-Campus,Pell Grant,None,22.24
V-3569,2023-05-18,Arizona State,85281,AZ,Undergraduate,Off-Campus,Pell Grant,Partial,8.79
V-3570,2022-09-30,UC Irvine,92697,CA,Graduate,Off-Campus,Scholarship,None,17.27
V-3571,2023-08-27,Ohio State,43210,OH,Undergraduate,On-Campus,Scholarship,Partial,12.24
V-3572,2022-05-28,UC Irvine,92697,CA,Undergraduate,On-Campus,Pell Grant,None,8.91
V-3573,2024-07-10,UMass Amherst,01003,MA,Graduate,On-Campus,Scholarship,None,21.71
V-3574,2024-01-05,Texas A&M,77843,TX,Graduate,Off-Campus,None,Partial,20.15
V-3575,2023-09-23,UC Irvine,92697,CA,Undergraduate,On-Campus,Pell Grant,None,19.13
V-3576,2021-08-12,Arizona State,85281,AZ,Undergraduate,Off-Campus,None,None,8.61
V-3577,2023-01-23,UMass Amherst,01003,MA,Undergraduate,Off-Campus,Scholarship,None,23.55
V-3578,2020-05-14,UF Gainesville,32611,FL,Undergraduate,Off-Campus,Pell Grant,None,18.91
V-3579,2022-10-30,Arizona State,85281,AZ,Undergraduate,On-Campus,None,Partial,11.92
V-3580,2023-08-23,Michigan State,48824,MI,Undergraduate,Off-Campus,Scholarship,None,17.6
V-3581,2023-04-06,Texas A&M,77843,TX,Graduate,Off-Campus,Scholarship,None,18.32
V-3582,2021-12-14,Arizona State,85281,AZ,Undergraduate,On-Campus,Pell Grant,None,16.12
V-3583,2023-12-08,Michigan State,48824,MI,Undergraduate,Off-Campus,None,Partial,9.89
V-3584,2022-09-28,Georgia Tech,30332,GA,Undergraduate,On-Campus,Pell Grant,Full,16.59
V-3585,2023-06-25,Michigan State,48824,MI,Undergraduate,On-Campus,None,Partial,13.2
V-3586,2022-11-06,Michigan State,48824,MI,Undergraduate,On-Campus,Pell Grant,None,8.49
V-3587,2023-05-15,Rutgers,08901,NJ,Graduate,Off-Campus,Pell Grant,None,20.46
V-3588,2022-07-19,UF Gainesville,32611,FL,Undergraduate,Off-Campus,Scholarship,Full,14.01
V-3589,2022-12-18,UMass Amherst,01003,MA,Undergraduate,Off-Campus,Pell Grant,Partial,15.08
V-3590,2023-03-14,Arizona State,85281,AZ,Undergraduate,Off-Campus,None,None,21.55
V-3591,2023-04-04,UF Gainesville,32611,FL,Undergraduate,Off-Campus,None,Full,13.04
V-3592,2022-12-26,UF Gainesville,32611,FL,Undergraduate,Off-Campus,Pell Grant,Partial,13.74
V-3593,2022-02-09,Ohio State,43210,OH,Undergraduate,On-Campus,Pell Grant,None,8.19
V-3594,2024-04-09,Rutgers,08901,NJ,Undergraduate,Off-Campus,None,Partial,16.89
V-3595,2023-02-08,Michigan State,48824,MI,Undergraduate,Off-Campus,Scholarship,Full,13.95
V-3596,2023-05-19,Arizona State,85281,AZ,Undergraduate,Off-Campus,Scholarship,Partial,10.4
V-3597,2022-08-10,Rutgers,08901,NJ,Undergraduate,Off-Campus,Scholarship,None,14.58
V-3598,2021-05-04,Rutgers,08901,NJ,Undergraduate,Off-Campus,Pell Grant,None,9.43
V-3599,2023-10-09,UF Gainesville,32611,FL,Graduate,Off-Campus,Pell Grant,Partial,29.45
V-3600,2021-12-30,Georgia Tech,30332,GA,Graduate,Off-Campus,None,None,18.3
V-3601,2024-04-30,UF Gainesville,32611,FL,Graduate,On-Campus,Pell Grant,Partial,16.83
V-3602,2023-08-02,UMass Amherst,01003,MA,Graduate,Off-Campus,Pell Grant,Full,23.1
V-3603,2021-03-26,Texas A&M,77843,TX,Graduate,On-Campus,Pell Grant,None,8.5
V-3604,2024-09-26,Arizona State,85281,AZ,Undergraduate,On-Campus,Pell Grant,Partial,10.85
V-3605,2023-04-04,Arizona State,85281,AZ,Undergraduate,Off-Campus,Pell Grant,None,18.44
V-3606,2021-05-29,Ohio State,43210,OH,Undergraduate,Off-Campus,Pell Grant,None,8.09
V-3607,2023-08-09,UF Gainesville,32611,FL,Undergraduate,Off-Campus,Pell Grant,None,17.81
V-3608,2023-10-08,Rutgers,08901,NJ,Undergraduate,Off-Campus,Pell Grant,None,19.15
V-3609,2024-03-03,Ohio State,43210,OH,Undergraduate,Off-Campus,Scholarship,Partial,21.59
V-3610,2021-03-11,Georgia Tech,30332,GA,Undergraduate,Off-Campus,None,None,8.26
V-3611,2024-10-11,UC Irvine,92697,CA,Undergraduate,On-Campus,Pell Grant,None,12.67
V-3612,2022-08-27,UW Seattle,98195,WA,Undergraduate,Off-Campus,None,Full,17.71
V-3613,2021-12-16,Rutgers,08901,NJ,Undergraduate,Off-Campus,Pell Grant,None,18.09
V-3614,2022-01-29,Texas A&M,77843,TX,Undergraduate,Off-Campus,Pell Grant,None,11.05
V-3615,2022-01-22,Ohio State,43210,OH,Graduate,Off-Campus,None,Partial,13.23
V-3616,2020-08-05,Ohio State,43210,OH,Undergraduate,Off-Campus,None,None,7.39
V-3617,2020-05-10,UC Irvine,92697,CA,Undergraduate,Off-Campus,None,Full,7.3
V-3618,2023-07-05,UC Irvine,92697,CA,Undergraduate,Off-Campus,Scholarship,None,13.63
V-3619,2021-09-12,Texas A&M,77843,TX,Undergraduate,Off-Campus,Pell Grant,Full,14.44
V-3620,2023-10-22,Ohio State,43210,OH,Undergraduate,Off-Campus,None,None,13.11
V-3621,2023-05-10,UMass Amherst,01003,MA,Graduate,Off-Campus,None,Partial,21.18
V-3622,2022-05-13,Texas A&M,77843,TX,Undergraduate,Off-Campus,Pell Grant,None,19.03
V-3623,2023-11-15,UW Seattle,98195,WA,Graduate,Off-Campus,Pell Grant,Partial,18.6
V-3624,2022-09-10,UF Gainesville,32611,FL,Undergraduate,Off-Campus,Pell Grant,Partial,13.66
V-3625,2023-10-03,UC Irvine,92697,CA,Undergraduate,On-Campus,Pell Grant,Partial,17.36
V-3626,2022-12-16,UC Irvine,92697,CA,Undergraduate,Off-Campus,None,Partial,16.33
V-3627,2021-11-27,Rutgers,08901,NJ,Graduate,On-Campus,None,None,21.72
V-3628,2023-11-08,Rutgers,08901,NJ,Undergraduate,Off-Campus,Pell Grant,Full,13.23
V-3629,2024-06-22,Texas A&M,77843,TX,Undergraduate,On-Campus,Pell Grant,Partial,18.66
V-3630,2020-12-12,UF Gainesville,32611,FL,Graduate,Off-Campus,Pell Grant,None,19.26
V-3631,2023-03-24,Michigan State,48824,MI,Undergraduate,Off-Campus,None,None,9.87
V-3632,2023-06-01,Rutgers,08901,NJ,Undergraduate,Off-Campus,Scholarship,None,14.88
V-3633,2024-05-11,UMass Amherst,01003,MA,Undergraduate,Off-Campus,None,Full,14.4
V-3634,2023-06-21,Texas A&M,77843,TX,Undergraduate,On-Campus,Scholarship,Partial,6.64
V-3635,2023-01-02,Arizona State,85281,AZ,Undergraduate,Off-Campus,Pell Grant,None,22.85
V-3636,2021-02-21,Michigan State,48824,MI,Graduate,Off-Campus,Scholarship,None,19.05
V-3637,2023-09-26,UC Irvine,92697,CA,Graduate,Off-Campus,Scholarship,Partial,28.98
V-3638,2022-12-18,Arizona State,85281,AZ,Undergraduate,Off-Campus,Pell Grant,Partial,16.0
V-3639,2021-10-07,Ohio State,43210,OH,Undergraduate,Off-Campus,None,None,9.57
V-3640,2024-02-02,Ohio State,43210,OH,Undergraduate,On-Campus,Pell Grant,Partial,10.94
V-3641,2024-07-17,UMass Amherst,01003,MA,Undergraduate,On-Campus,None,None,17.07
V-3642,2023-01-23,Ohio State,43210,OH,Undergraduate,Off-Campus,None,Full,15.22
V-3643,2022-02-20,Michigan State,48824,MI,Undergraduate,On-Campus,Scholarship,Full,11.11
V-3644,2023-11-07,UF Gainesville,32611,FL,Undergraduate,Off-Campus,None,Full,2.68
V-3645,2023-09-13,Ohio State,43210,OH,Undergraduate,Off-Campus,Pell Grant,Partial,15.48
V-3646,2021-07-19,Georgia Tech,30332,GA,Undergraduate,Off-Campus,Pell Grant,None,21.23
V-3647,2021-04-09,UC Irvine,92697,CA,Undergraduate,Off-Campus,Scholarship,None,21.13
V-3648,2022-10-01,Michigan State,48824,MI,Undergraduate,Off-Campus,Scholarship,None,16.54
V-3649,2021-07-11,UF Gainesville,32611,FL,Undergraduate,On-Campus,Scholarship,Partial,11.74
V-3650,2023-08-11,Georgia Tech,30332,GA,Undergraduate,Off-Campus,None,None,15.89
V-3651,2022-07-16,Georgia Tech,30332,GA,Undergraduate,On-Campus,Pell Grant,None,10.78
V-3652,2023-10-21,Texas A&M,77843,TX,Undergraduate,Off-Campus,Scholarship,None,17.69
V-3653,2022-01-24,UW Seattle,98195,WA,Undergraduate,Off-Campus,Scholarship,Partial,8.59
V-3654,2023-08-05,UF Gainesville,32611,FL,Undergraduate,On-Campus,Pell Grant,None,15.92
V-3655,2021-07-07,Rutgers,08901,NJ,Undergraduate,On-Campus,Pell Grant,None,17.3
V-3656,2022-10-12,UMass Amherst,01003,MA,Undergraduate,Off-Campus,None,None,16.21
V-3657,2023-09-19,UMass Amherst,01003,MA,Undergraduate,On-Campus,Scholarship,Full,11.61
V-3658,2021-05-20,UC Irvine,92697,CA,Undergraduate,Off-Campus,None,Full,18.55
V-3659,2024-05-19,Georgia Tech,30332,GA,Undergraduate,On-Campus,None,Full,15.61
V-3660,2023-01-18,Ohio State,43210,OH,Undergraduate,Off-Campus,Pell Grant,None,14.64
V-3661,2022-09-02,Ohio State,43210,OH,Undergraduate,Off-Campus,None,None,16.68
V-3662,2023-12-31,Georgia Tech,30332,GA,Undergraduate,Off-Campus,None,Partial,2.1
V-3663,2022-12-23,UC Irvine,92697,CA,Undergraduate,Off-Campus,Pell Grant,None,11.11
V-3664,2023-12-29,Arizona State,85281,AZ,Undergraduate,Off-Campus,None,None,13.84
V-3665,2022-06-15,Arizona State,85281,AZ,Undergraduate,Off-Campus,Scholarship,Partial,18.63
V-3666,2022-12-25,Texas A&M,77843,TX,Undergraduate,Off-Campus,Scholarship,None,8.37
V-3667,2023-10-27,Texas A&M,77843,TX,Undergraduate,On-Campus,None,Partial,16.73
V-3668,2022-12-19,Georgia Tech,30332,GA,Undergraduate,On-Campus,Pell Grant,Full,11.44
V-3669,2022-01-29,UMass Amherst,01003,MA,Undergraduate,Off-Campus,None,Partial,12.43
V-3670,2024-06-15,Rutgers,08901,NJ,Undergraduate,Off-Campus,Pell Grant,None,12.03
V-3671,2022-11-20,UC Irvine,92697,CA,Undergraduate,Off-Campus,Scholarship,None,12.23
V-3672,2022-05-10,Rutgers,08901,NJ,Graduate,On-Campus,Scholarship,None,19.68
V-3673,2023-02-20,Arizona State,85281,AZ,Undergraduate,Off-Campus,None,None,13.97
V-3674,2023-02-28,UMass Amherst,01003,MA,Undergraduate,Off-Campus,Pell Grant,Partial,11.53
V-3675,2024-07-26,UMass Amherst,01003,MA,Undergraduate,Off-Campus,Pell Grant,None,7.48
V-3676,2022-08-12,Rutgers,08901,NJ,Undergraduate,Off-Campus,Scholarship,None,10.65
V-3677,2022-11-17,UF Gainesville,32611,FL,Graduate,Off-Campus,Pell Grant,None,17.06
V-3678,2023-09-20,Georgia Tech,30332,GA,Undergraduate,Off-Campus,Pell Grant,None,17.63
V-3679,2020-08-13,UF Gainesville,32611,FL,Undergraduate,Off-Campus,None,None,8.77
V-3680,2022-10-02,UF Gainesville,32611,FL,Undergraduate,Off-Campus,Pell Grant,None,11.5
V-3681,2023-03-12,Rutgers,08901,NJ,Undergraduate,Off-Campus,Scholarship,None,19.18
V-3682,2021-12-04,Texas A&M,77843,TX,Undergraduate,Off-Campus,Scholarship,None,12.12
V-3683,2024-02-05,UMass Amherst,01003,MA,Undergraduate,On-Campus,Pell Grant,Partial,16.94
V-3684,2022-07-11,Texas A&M,77843,TX,Undergraduate,Off-Campus,None,None,10.26
V-3685,2024-03-25,UC Irvine,92697,CA,Undergraduate,Off-Campus,None,None,20.02
V-3686,2021-07-06,UMass Amherst,01003,MA,Graduate,Off-Campus,Pell Grant,Partial,19.09
V-3687,2021-03-20,UF Gainesville,32611,FL,Undergraduate,Off-Campus,Pell Grant,None,7.66
V-3688,2021-11-18,Michigan State,48824,MI,Undergraduate,On-Campus,Scholarship,None,16.23
V-3689,2023-02-20,UW Seattle,98195,WA,Graduate,On-Campus,None,None,19.72
V-3690,2022-03-17,UC Irvine,92697,CA,Undergraduate,On-Campus,Scholarship,Partial,17.79
V-3691,2024-10-16,Arizona State,85281,AZ,Undergraduate,On-Campus,Pell Grant,None,20.96
V-3692,2022-03-10,Arizona State,85281,AZ,Undergraduate,Off-Campus,Pell Grant,None,12.24
V-3693,2021-06-07,UMass Amherst,01003,MA,Undergraduate,Off-Campus,Scholarship,None,13.73
V-3694,2020-04-07,Rutgers,08901,NJ,Graduate,On-Campus,None,Partial,18.41
V-3695,2022-05-01,UW Seattle,98195,WA,Undergraduate,Off-Campus,Scholarship,None,19.82
V-3696,2021-08-27,UC Irvine,92697,CA,Undergraduate,Off-Campus,Pell Grant,Partial,9.98
V-3697,2023-09-16,UC Irvine,92697,CA,Undergraduate,Off-Campus,Pell Grant,None,9.17
V-3698,2023-02-15,UW Seattle,98195,WA,Undergraduate,On-Campus,None,Partial,13.71
V-3699,2024-05-13,Michigan State,48824,MI,Undergraduate,On-Campus,Scholarship,Partial,11.97
V-3700,2023-05-25,Michigan State,48824,MI,Undergraduate,Off-Campus,None,Partial,14.09
V-3701,2022-07-23,Michigan State,48824,MI,Undergraduate,Off-Campus,Pell Grant,None,19.66
V-3702,2021-05-26,Arizona State,85281,AZ,Undergraduate,Off-Campus,Pell Grant,Full,14.3
V-3703,2021-09-29,Texas A&M,77843,TX,Undergraduate,On-Campus,None,Partial,14.97
V-3704,2023-01-17,UW Seattle,98195,WA,Undergraduate,On-Campus,Pell Grant,None,23.79
V-3705,2024-06-09,UC Irvine,92697,CA,Graduate,On-Campus,Scholarship,Partial,20.61
V-3706,2023-03-29,UW Seattle,98195,WA,Undergraduate,Off-Campus,Pell Grant,None,12.05
V-3707,2021-01-24,UW Seattle,98195,WA,Undergraduate,Off-Campus,Pell Grant,None,13.08
V-3708,2021-11-03,UW Seattle,98195,WA,Undergraduate,On-Campus,Scholarship,Full,10.76
V-3709,2023-12-16,Georgia Tech,30332,GA,Undergraduate,On-Campus,None,None,16.83
V-3710,2021-09-03,Texas A&M,77843,TX,Undergraduate,Off-Campus,Scholarship,Full,9.15
V-3711,2022-08-06,Rutgers,08901,NJ,Undergraduate,On-Campus,Pell Grant,None,10.76
V-3712,2022-02-23,UF Gainesville,32611,FL,Graduate,Off-Campus,Pell Grant,Partial,9.42
V-3713,2024-10-05,Arizona State,85281,AZ,Undergraduate,On-Campus,Pell Grant,Full,14.58
V-3714,2021-01-02,UW Seattle,98195,WA,Undergraduate,Off-Campus,Scholarship,Partial,10.67
V-3715,2023-12-16,Michigan State,48824,MI,Undergraduate,Off-Campus,None,Partial,15.77
V-3716,2023-01-16,UMass Amherst,01003,MA,Graduate,Off-Campus,Pell Grant,None,30.81
V-3717,2021-10-04,Ohio State,43210,OH,Graduate,Off-Campus,Pell Grant,Partial,23.96
V-3718,2021-11-21,UMass Amherst,01003,MA,Graduate,On-Campus,Scholarship,Full,22.99
V-3719,2021-12-13,Ohio State,43210,OH,Undergraduate,On-Campus,None,Partial,6.83
V-3720,2021-06-13,Arizona State,85281,AZ,Undergraduate,Off-Campus,Scholarship,None,15.5
V-3721,2022-04-27,UMass Amherst,01003,MA,Undergraduate,Off-Campus,Pell Grant,None,16.31
V-3722,2021-07-26,Michigan State,48824,MI,Graduate,Off-Campus,None,None,21.03
V-3723,2023-05-30,UMass Amherst,01003,MA,Undergraduate,Off-Campus,Pell Grant,Partial,11.53
V-3724,2023-10-14,Texas A&M,77843,TX,Graduate,On-Campus,Pell Grant,None,21.72
V-3725,2021-09-05,Ohio State,43210,OH,Undergraduate,On-Campus,Pell Grant,Full,14.91
V-3726,2022-02-05,Michigan State,48824,MI,Graduate,Off-Campus,Pell Grant,None,17.98
V-3727,2021-02-22,UF Gainesville,32611,FL,Undergraduate,On-Campus,Pell Grant,None,14.92
V-3728,2023-07-26,Georgia Tech,30332,GA,Undergraduate,On-Campus,Scholarship,None,17.85
V-3729,2023-06-06,Rutgers,08901,NJ,Undergraduate,Off-Campus,Pell Grant,Full,14.05
V-3730,2021-04-12,Michigan State,48824,MI,Undergraduate,Off-Campus,Scholarship,Full,8.97
V-3731,2020-12-17,UC Irvine,92697,CA,Undergraduate,On-Campus,Pell Grant,None,6.02
V-3732,2022-12-30,UC Irvine,92697,CA,Undergraduate,Off-Campus,Scholarship,Full,13.38
V-3733,2022-07-09,UMass Amherst,01003,MA,Undergraduate,Off-Campus,None,Partial,10.15
V-3734,2023-10-04,UMass Amherst,01003,MA,Graduate,Off-Campus,Scholarship,None,19.28
V-3735,2022-07-29,UC Irvine,92697,CA,Graduate,Off-Campus,None,None,21.57
V-3736,2022-08-07,Georgia Tech,30332,GA,Undergraduate,Off-Campus,None,None,15.6
V-3737,2023-07-30,Michigan State,48824,MI,Undergraduate,Off-Campus,Pell Grant,None,13.08
V-3738,2021-11-08,Ohio State,43210,OH,Undergraduate,Off-Campus,Pell Grant,Partial,10.24
V-3739,2023-05-16,Arizona State,85281,AZ,Undergraduate,On-Campus,Pell Grant,None,13.6
V-3740,2021-06-25,UMass Amherst,01003,MA,Undergraduate,On-Campus,Pell Grant,None,18.51
V-3741,2024-04-03,Arizona State,85281,AZ,Graduate,Off-Campus,Pell Grant,None,13.96
V-3742,2023-03-02,Ohio State,43210,OH,Undergraduate,Off-Campus,Pell Grant,None,12.85
V-3743,2023-12-25,Texas A&M,77843,TX,Graduate,Off-Campus,Pell Grant,None,16.66
V-3744,2023-06-01,Texas A&M,77843,TX,Undergraduate,Off-Campus,Pell Grant,None,18.3
V-3745,2024-03-05,Rutgers,08901,NJ,Undergraduate,On-Campus,None,Partial,16.81
V-3746,2024-04-17,Michigan State,48824,MI,Undergraduate,Off-Campus,None,None,15.83
V-3747,2023-08-31,UW Seattle,98195,WA,Undergraduate,On-Campus,Scholarship,None,11.34
V-3748,2023-09-17,Texas A&M,77843,TX,Undergraduate,Off-Campus,Pell Grant,None,10.42
V-3749,2023-10-31,Ohio State,43210,OH,Undergraduate,Off-Campus,None,None,16.52
V-3750,2023-08-11,Arizona State,85281,AZ,Undergraduate,On-Campus,Pell Grant,None,14.59
V-3751,2021-10-10,Michigan State,48824,MI,Undergraduate,On-Campus,Pell Grant,Partial,9.99
V-3752,2022-06-21,UF Gainesville,32611,FL,Undergraduate,Off-Campus,None,None,13.77
V-3753,2023-02-26,Georgia Tech,30332,GA,Undergraduate,On-Campus,Scholarship,None,13.54
V-3754,2023-05-07,Arizona State,85281,AZ,Graduate,Off-Campus,Scholarship,None,24.56
V-3755,2021-12-22,UF Gainesville,32611,FL,Undergraduate,On-Campus,Scholarship,Partial,15.47
V-3756,2021-06-23,Michigan State,48824,MI,Graduate,On-Campus,Pell Grant,Partial,18.45
V-3757,2024-08-22,Arizona State,85281,AZ,Undergraduate,On-Campus,Pell Grant,Partial,16.47
V-3758,2023-12-24,UMass Amherst,01003,MA,Undergraduate,Off-Campus,Pell Grant,None,16.74
V-3759,2021-04-29,UC Irvine,92697,CA,Undergraduate,Off-Campus,None,None,13.06
V-3760,2022-05-05,UMass Amherst,01003,MA,Undergraduate,Off-Campus,None,Partial,8.3
V-3761,2024-05-03,Michigan State,48824,MI,Graduate,Off-Campus,Pell Grant,None,26.61
V-3762,2021-02-02,Georgia Tech,30332,GA,Undergraduate,Off-Campus,Pell Grant,None,21.69
V-3763,2023-06-09,Michigan State,48824,MI,Undergraduate,Off-Campus,Pell Grant,Full,19.55
V-3764,2022-02-24,Michigan State,48824,MI,Graduate,Off-Campus,None,Partial,23.82
V-3765,2021-11-16,UC Irvine,92697,CA,Undergraduate,Off-Campus,Pell Grant,None,11.89
V-3766,2023-12-04,Rutgers,08901,NJ,Graduate,Off-Campus,Scholarship,Partial,27.26
V-3767,2023-08-05,UC Irvine,92697,CA,Undergraduate,Off-Campus,Pell Grant,None,16.34
V-3768,2021-12-08,Rutgers,08901,NJ,Undergraduate,Off-Campus,None,None,17.78
V-3769,2022-10-18,Rutgers,08901,NJ,Undergraduate,On-Campus,Pell Grant,Partial,15.03
V-3770,2024-07-29,Texas A&M,77843,TX,Undergraduate,On-Campus,Pell Grant,None,11.13
V-3771,2022-08-27,Michigan State,48824,MI,Undergraduate,On-Campus,Pell Grant,Full,13.52
V-3772,2024-06-21,Texas A&M,77843,TX,Undergraduate,Off-Campus,Scholarship,Partial,18.78
V-3773,2024-02-15,Rutgers,08901,NJ,Undergraduate,Off-Campus,Scholarship,None,13.73
V-3774,2022-07-08,Michigan State,48824,MI,Graduate,On-Campus,Scholarship,None,20.9
V-3775,2022-05-17,Rutgers,08901,NJ,Undergraduate,On-Campus,Pell Grant,None,12.25
V-3776,2023-10-15,UW Seattle,98195,WA,Undergraduate,Off-Campus,Pell Grant,None,12.12
V-3777,2023-10-09,UC Irvine,92697,CA,Undergraduate,On-Campus,Pell Grant,None,3.7
V-3778,2022-08-18,UMass Amherst,01003,MA,Undergraduate,Off-Campus,Pell Grant,None,5.81
V-3779,2022-07-30,UF Gainesville,32611,FL,Undergraduate,Off-Campus,None,Partial,10.25
V-3780,2023-01-31,Rutgers,08901,NJ,Undergraduate,On-Campus,Scholarship,None,12.43
V-3781,2023-01-29,UW Seattle,98195,WA,Undergraduate,On-Campus,Scholarship,None,19.03
V-3782,2023-06-26,Arizona State,85281,AZ,Undergraduate,On-Campus,Scholarship,Partial,11.08
V-3783,2024-05-13,Arizona State,85281,AZ,Undergraduate,On-Campus,Scholarship,None,11.65
V-3784,2023-08-15,UMass Amherst,01003,MA,Undergraduate,Off-Campus,Scholarship,None,22.33
V-3785,2020-09-22,UF Gainesville,32611,FL,Undergraduate,Off-Campus,None,Partial,16.46
V-3786,2023-05-06,Georgia Tech,30332,GA,Undergraduate,On-Campus,Scholarship,None,26.74
V-3787,2022-07-20,Michigan State,48824,MI,Graduate,On-Campus,Scholarship,None,22.55
V-3788,2021-03-19,Michigan State,48824,MI,Undergraduate,Off-Campus,None,Full,9.46
V-3789,2020-12-22,Arizona State,85281,AZ,Undergraduate,Off-Campus,Pell Grant,Partial,3.16
V-3790,2020-10-28,UC Irvine,92697,CA,Undergraduate,Off-Campus,Scholarship,Partial,13.91
V-3791,2023-01-13,UF Gainesville,32611,FL,Undergraduate,Off-Campus,None,Partial,21.56
V-3792,2022-02-05,UF Gainesville,32611,FL,Undergraduate,Off-Campus,Scholarship,None,10.85
V-3793,2021-11-08,Arizona State,85281,AZ,Undergraduate,Off-Campus,None,Partial,15.57
V-3794,2022-11-20,UMass Amherst,01003,MA,Undergraduate,Off-Campus,Scholarship,None,10.39
V-3795,2023-06-02,UW Seattle,98195,WA,Undergraduate,On-Campus,None,Partial,11.41
V-3796,2023-06-07,Ohio State,43210,OH,Graduate,On-Campus,Pell Grant,None,19.5
V-3797,2021-02-24,Ohio State,43210,OH,Undergraduate,Off-Campus,Pell Grant,Partial,17.83
V-3798,2022-03-23,Georgia Tech,30332,GA,Undergraduate,Off-Campus,Pell Grant,None,14.01
V-3799,2023-08-02,UW Seattle,98195,WA,Undergraduate,Off-Campus,Pell Grant,None,16.01
V-3800,2020-05-13,Georgia Tech,30332,GA,Undergraduate,Off-Campus,Pell Grant,None,10.07
V-3801,2023-03-18,Rutgers,08901,NJ,Undergraduate,Off-Campus,Pell Grant,Partial,14.66
V-3802,2024-04-19,UMass Amherst,01003,MA,Undergraduate,Off-Campus,Scholarship,None,15.61
V-3803,2022-11-17,UF Gainesville,32611,FL,Graduate,Off-Campus,Pell Grant,Partial,22.28
V-3804,2024-06-06,UW Seattle,98195,WA,Undergraduate,Off-Campus,Pell Grant,None,13.65
V-3805,2022-11-26,UF Gainesville,32611,FL,Undergraduate,Off-Campus,None,Partial,15.08
V-3806,2022-01-31,UMass Amherst,01003,MA,Undergraduate,On-Campus,Pell Grant,None,3.78
V-3807,2023-03-31,UF Gainesville,32611,FL,Undergraduate,Off-Campus,Pell Grant,Partial,7.89
V-3808,2022-07-17,UMass Amherst,01003,MA,Graduate,Off-Campus,Scholarship,None,20.09
V-3809,2023-12-08,Texas A&M,77843,TX,Undergraduate,Off-Campus,None,Partial,10.1
V-3810,2023-06-20,UMass Amherst,01003,MA,Undergraduate,Off-Campus,Pell Grant,Partial,16.81
V-3811,2024-04-04,Michigan State,48824,MI,Graduate,On-Campus,None,None,20.65
V-3812,2021-12-11,UC Irvine,92697,CA,Undergraduate,On-Campus,None,Partial,14.49
V-3813,2023-02-05,UW Seattle,98195,WA,Undergraduate,Off-Campus,Pell Grant,None,18.08
V-3814,2020-09-16,UC Irvine,92697,CA,Undergraduate,Off-Campus,Pell Grant,None,11.54
V-3815,2023-05-16,Arizona State,85281,AZ,Undergraduate,Off-Campus,Scholarship,Partial,8.24
V-3816,2023-03-05,UC Irvine,92697,CA,Undergraduate,On-Campus,Scholarship,Partial,11.05
V-3817,2023-03-13,Texas A&M,77843,TX,Undergraduate,Off-Campus,None,None,18.41
V-3818,2021-04-06,Rutgers,08901,NJ,Undergraduate,On-Campus,Scholarship,None,19.04
V-3819,2023-07-17,UMass Amherst,01003,MA,Undergraduate,Off-Campus,Scholarship,None,12.75
V-3820,2024-10-24,UMass Amherst,01003,MA,Undergraduate,Off-Campus,Pell Grant,Partial,15.79
V-3821,2022-06-10,Rutgers,08901,NJ,Graduate,Off-Campus,Scholarship,None,12.75
V-3822,2022-10-28,UF Gainesville,32611,FL,Undergraduate,Off-Campus,Scholarship,Partial,15.98
V-3823,2024-02-17,Rutgers,08901,NJ,Undergraduate,Off-Campus,Pell Grant,None,18.63
V-3824,2021-12-01,Arizona State,85281,AZ,Undergraduate,On-Campus,Pell Grant,Partial,12.23
V-3825,2022-05-21,UF Gainesville,32611,FL,Undergraduate,On-Campus,Scholarship,None,16.87
V-3826,2023-01-16,Rutgers,08901,NJ,Graduate,Off-Campus,Pell Grant,Partial,24.19
V-3827,2022-09-04,Arizona State,85281,AZ,Undergraduate,Off-Campus,Pell Grant,None,12.58
V-3828,2021-11-24,Rutgers,08901,NJ,Undergraduate,Off-Campus,Scholarship,None,5.91
V-3829,2024-04-10,Georgia Tech,30332,GA,Undergraduate,Off-Campus,None,Partial,10.42
V-3830,2023-09-22,UW Seattle,98195,WA,Undergraduate,Off-Campus,None,None,16.21
V-3831,2022-11-25,Michigan State,48824,MI,Undergraduate,Off-Campus,Pell Grant,Partial,14.33
V-3832,2021-01-09,UF Gainesville,32611,FL,Undergraduate,On-Campus,Pell Grant,Partial,11.07
V-3833,2021-09-07,UF Gainesville,32611,FL,Undergraduate,Off-Campus,None,None,6.84
V-3834,2024-06-12,Rutgers,08901,NJ,Graduate,On-Campus,Pell Grant,None,18.47
V-3835,2023-04-09,Arizona State,85281,AZ,Undergraduate,Off-Campus,Pell Grant,Full,18.18
V-3836,2023-08-13,Georgia Tech,30332,GA,Undergraduate,Off-Campus,Scholarship,Partial,21.07
V-3837,2023-03-10,Ohio State,43210,OH,Undergraduate,Off-Campus,Pell Grant,Partial,14.89
V-3838,2023-03-01,Rutgers,08901,NJ,Graduate,Off-Campus,Pell Grant,None,13.6
V-3839,2020-08-13,Arizona State,85281,AZ,Graduate,Off-Campus,None,Full,19.38
V-3840,2023-08-14,Michigan State,48824,MI,Undergraduate,Off-Campus,Pell Grant,Partial,15.24
V-3841,2023-02-14,UMass Amherst,01003,MA,Undergraduate,Off-Campus,Pell Grant,None,12.8
V-3842,2024-08-04,Texas A&M,77843,TX,Undergraduate,On-Campus,Pell Grant,None,12.73
V-3843,2023-02-28,Michigan State,48824,MI,Graduate,Off-Campus,Pell Grant,None,20.42
V-3844,2023-12-22,Texas A&M,77843,TX,Undergraduate,On-Campus,Pell Grant,None,17.69
V-3845,2021-11-10,UC Irvine,92697,CA,Undergraduate,Off-Campus,Scholarship,None,12.38
V-3846,2023-05-03,Michigan State,48824,MI,Undergraduate,On-Campus,None,None,12.67
V-3847,2022-07-04,UW Seattle,98195,WA,Graduate,Off-Campus,None,Partial,19.59
V-3848,2022-03-11,UF Gainesville,32611,FL,Undergraduate,Off-Campus,Pell Grant,Partial,15.01
V-3849,2022-03-15,UC Irvine,92697,CA,Undergraduate,Off-Campus,None,Partial,14.28
V-3850,2023-11-16,Georgia Tech,30332,GA,Graduate,On-Campus,Scholarship,None,21.33
V-3851,2021-02-16,Rutgers,08901,NJ,Undergraduate,Off-Campus,Pell Grant,None,10.22
V-3852,2024-05-14,UF Gainesville,32611,FL,Graduate,On-Campus,Pell Grant,Full,24.32
V-3853,2023-12-01,Texas A&M,77843,TX,Undergraduate,On-Campus,Pell Grant,None,19.9
V-3854,2023-06-04,Arizona State,85281,AZ,Undergraduate,Off-Campus,None,None,14.87
V-3855,2021-06-15,UW Seattle,98195,WA,Undergraduate,Off-Campus,Pell Grant,None,16.39
V-3856,2023-02-03,UMass Amherst,01003,MA,Undergraduate,Off-Campus,Pell Grant,None,15.46
V-3857,2022-12-15,UC Irvine,92697,CA,Undergraduate,On-Campus,Pell Grant,Partial,10.38
V-3858,2023-05-10,Rutgers,08901,NJ,Undergraduate,Off-Campus,Pell Grant,Partial,17.27
V-3859,2022-08-20,Georgia Tech,30332,GA,Undergraduate,On-Campus,Scholarship,None,14.06
V-3860,2022-10-09,Texas A&M,77843,TX,Undergraduate,Off-Campus,Pell Grant,None,17.21
V-3861,2022-04-29,UMass Amherst,01003,MA,Graduate,Off-Campus,Scholarship,None,26.06
V-3862,2022-09-22,UMass Amherst,01003,MA,Graduate,Off-Campus,Pell Grant,None,18.88
V-3863,2020-09-06,Georgia Tech,30332,GA,Undergraduate,On-Campus,None,Partial,8.8
V-3864,2022-01-01,Michigan State,48824,MI,Undergraduate,On-Campus,Scholarship,None,11.0
V-3865,2021-03-15,Arizona State,85281,AZ,Undergraduate,On-Campus,Pell Grant,None,15.4
V-3866,2022-12-06,UC Irvine,92697,CA,Undergraduate,Off-Campus,None,None,16.7
V-3867,2024-04-09,UF Gainesville,32611,FL,Undergraduate,Off-Campus,Pell Grant,Full,18.09
V-3868,2024-01-09,UW Seattle,98195,WA,Undergraduate,On-Campus,Scholarship,Partial,13.87
V-3869,2023-10-15,UC Irvine,92697,CA,Undergraduate,Off-Campus,Pell Grant,None,15.58
V-3870,2023-12-28,Ohio State,43210,OH,Undergraduate,On-Campus,Scholarship,None,15.36
V-3871,2022-01-19,Georgia Tech,30332,GA,Undergraduate,Off-Campus,Pell Grant,None,19.37
V-3872,2023-12-27,UW Seattle,98195,WA,Graduate,Off-Campus,Pell Grant,Full,19.41
V-3873,2021-12-16,Arizona State,85281,AZ,Undergraduate,Off-Campus,None,None,11.33
V-3874,2023-10-25,Texas A&M,77843,TX,Undergraduate,On-Campus,None,Full,13.35
V-3875,2023-12-23,Arizona State,85281,AZ,Undergraduate,On-Campus,Scholarship,Full,19.41
V-3876,2023-03-03,Arizona State,85281,AZ,Undergraduate,Off-Campus,Pell Grant,None,17.73
V-3877,2024-02-26,UW Seattle,98195,WA,Graduate,Off-Campus,None,Partial,16.62
V-3878,2022-11-19,Texas A&M,77843,TX,Undergraduate,Off-Campus,Pell Grant,None,9.42
V-3879,2023-11-08,Georgia Tech,30332,GA,Undergraduate,Off-Campus,Scholarship,None,16.76
V-3880,2024-07-31,Georgia Tech,30332,GA,Undergraduate,Off-Campus,Pell Grant,None,15.51
V-3881,2021-03-31,Georgia Tech,30332,GA,Graduate,Off-Campus,Pell Grant,None,11.98
V-3882,2023-03-07,Ohio State,43210,OH,Undergraduate,Off-Campus,Pell Grant,Partial,9.87
V-3883,2022-10-30,Rutgers,08901,NJ,Graduate,Off-Campus,Pell Grant,None,20.3
V-3884,2022-06-17,UF Gainesville,32611,FL,Graduate,Off-Campus,Pell Grant,Partial,30.17
V-3885,2020-05-23,UMass Amherst,01003,MA,Graduate,Off-Campus,None,None,20.91
V-3886,2023-09-21,UMass Amherst,01003,MA,Undergraduate,Off-Campus,Pell Grant,None,11.45
V-3887,2020-12-23,UF Gainesville,32611,FL,Graduate,Off-Campus,Scholarship,None,24.4
V-3888,2023-09-15,UW Seattle,98195,WA,Undergraduate,Off-Campus,Pell Grant,Partial,11.0
V-3889,2023-03-26,UMass Amherst,01003,MA,Graduate,On-Campus,Scholarship,None,18.37
V-3890,2021-09-03,Michigan State,48824,MI,Undergraduate,Off-Campus,None,Full,18.81
V-3891,2023-03-08,Arizona State,85281,AZ,Graduate,On-Campus,Pell Grant,Full,16.55
V-3892,2022-08-23,Michigan State,48824,MI,Graduate,Off-Campus,Pell Grant,None,26.33
V-3893,2020-04-28,Arizona State,85281,AZ,Undergraduate,Off-Campus,Pell Grant,None,4.28
V-3894,2021-03-11,Rutgers,08901,NJ,Undergraduate,Off-Campus,Pell Grant,None,14.79
V-3895,2022-03-19,Michigan State,48824,MI,Undergraduate,On-Campus,Scholarship,None,14.68
V-3896,2022-08-03,Arizona State,85281,AZ,Graduate,Off-Campus,Scholarship,None,24.04
V-3897,2024-05-30,Texas A&M,77843,TX,Undergraduate,Off-Campus,Scholarship,Partial,16.25
V-3898,2023-08-30,Ohio State,43210,OH,Undergraduate,Off-Campus,None,None,15.95
V-3899,2022-09-22,Michigan State,48824,MI,Undergraduate,On-Campus,None,Partial,11.69
V-3900,2022-12-01,Rutgers,08901,NJ,Graduate,On-Campus,Scholarship,Full,19.42
V-3901,2022-05-03,Texas A&M,77843,TX,Undergraduate,Off-Campus,None,None,19.62
V-3902,2022-08-20,UMass Amherst,01003,MA,Undergraduate,Off-Campus,Pell Grant,None,15.85
V-3903,2022-03-21,Michigan State,48824,MI,Undergraduate,Off-Campus,None,Partial,16.26
V-3904,2021-06-16,UW Seattle,98195,WA,Undergraduate,On-Campus,Pell Grant,None,14.22
V-3905,2023-03-30,Ohio State,43210,OH,Undergraduate,Off-Campus,Pell Grant,None,13.97
V-3906,2023-02-08,UW Seattle,98195,WA,Undergraduate,Off-Campus,Pell Grant,None,7.65
V-3907,2023-11-11,UF Gainesville,32611,FL,Undergraduate,Off-Campus,None,None,20.01
V-3908,2023-01-28,Georgia Tech,30332,GA,Undergraduate,On-Campus,Scholarship,Full,17.36
V-3909,2022-05-12,Michigan State,48824,MI,Undergraduate,On-Campus,None,Partial,14.13
V-3910,2024-01-29,UMass Amherst,01003,MA,Undergraduate,Off-Campus,Pell Grant,None,12.17
V-3911,2020-10-23,Arizona State,85281,AZ,Undergraduate,Off-Campus,None,None,15.89
V-3912,2021-05-10,Rutgers,08901,NJ,Undergraduate,Off-Campus,None,None,9.71
V-3913,2022-08-04,Ohio State,43210,OH,Undergraduate,On-Campus,Scholarship,Full,16.64
V-3914,2023-01-05,UMass Amherst,01003,MA,Graduate,Off-Campus,None,None,18.11
V-3915,2022-09-17,Ohio State,43210,OH,Undergraduate,Off-Campus,None,None,15.51
V-3916,2022-12-18,Ohio State,43210,OH,Undergraduate,Off-Campus,None,None,19.65
V-3917,2021-10-05,Texas A&M,77843,TX,Graduate,Off-Campus,Pell Grant,None,20.09
V-3918,2023-11-12,Texas A&M,77843,TX,Undergraduate,On-Campus,Scholarship,None,17.22
V-3919,2023-07-23,UMass Amherst,01003,MA,Undergraduate,Off-Campus,None,None,22.19
V-3920,2022-09-24,Ohio State,43210,OH,Undergraduate,Off-Campus,None,Partial,15.78
V-3921,2023-01-30,Georgia Tech,30332,GA,Undergraduate,Off-Campus,None,Partial,10.99
V-3922,2023-05-27,UW Seattle,98195,WA,Undergraduate,On-Campus,Pell Grant,None,17.43
V-3923,2023-04-05,Rutgers,08901,NJ,Undergraduate,On-Campus,None,None,13.53
V-3924,2021-03-30,Rutgers,08901,NJ,Undergraduate,Off-Campus,Pell Grant,None,19.32
V-3925,2023-10-27,Ohio State,43210,OH,Undergraduate,On-Campus,Pell Grant,None,13.82
V-3926,2022-12-28,Arizona State,85281,AZ,Undergraduate,Off-Campus,None,None,13.19
V-3927,2022-09-22,Ohio State,43210,OH,Graduate,Off-Campus,Scholarship,Partial,22.22
V-3928,2024-03-13,UC Irvine,92697,CA,Undergraduate,Off-Campus,Pell Grant,None,16.6
V-3929,2024-01-15,UC Irvine,92697,CA,Undergraduate,Off-Campus,Scholarship,None,17.88
V-3930,2021-04-07,Arizona State,85281,AZ,Graduate,On-Campus,Scholarship,Full,17.41
V-3931,2021-10-18,UW Seattle,98195,WA,Undergraduate,Off-Campus,Pell Grant,None,16.7
V-3932,2022-01-30,UMass Amherst,01003,MA,Undergraduate,Off-Campus,Pell Grant,None,7.56
V-3933,2022-05-29,UW Seattle,98195,WA,Undergraduate,Off-Campus,Pell Grant,Partial,11.91
V-3934,2021-07-24,Arizona State,85281,AZ,Undergraduate,Off-Campus,Pell Grant,None,15.7
V-3935,2022-10-29,Arizona State,85281,AZ,Undergraduate,On-Campus,Pell Grant,None,7.36
V-3936,2022-07-03,Texas A&M,77843,TX,Undergraduate,Off-Campus,None,Partial,15.85
V-3937,2023-09-17,UMass Amherst,01003,MA,Undergraduate,Off-Campus,None,Partial,16.13
V-3938,2022-06-14,Michigan State,48824,MI,Undergraduate,Off-Campus,Pell Grant,None,11.33
V-3939,2021-07-14,Michigan State,48824,MI,Graduate,On-Campus,Scholarship,Partial,21.08
V-3940,2022-07-02,UF Gainesville,32611,FL,Undergraduate,On-Campus,None,None,11.58
V-3941,2021-01-25,Texas A&M,77843,TX,Undergraduate,On-Campus,Pell Grant,Partial,15.79
V-3942,2021-07-17,UW Seattle,98195,WA,Undergraduate,Off-Campus,Scholarship,None,14.68
V-3943,2022-02-20,Michigan State,48824,MI,Graduate,Off-Campus,Scholarship,Partial,23.58
V-3944,2023-03-03,UW Seattle,98195,WA,Undergraduate,Off-Campus,None,None,22.99
V-3945,2022-01-20,Michigan State,48824,MI,Undergraduate,Off-Campus,Scholarship,Partial,15.14
V-3946,2024-01-22,UW Seattle,98195,WA,Undergraduate,On-Campus,None,None,19.7
V-3947,2020-07-16,Ohio State,43210,OH,Graduate,Off-Campus,None,None,14.06
V-3948,2022-08-06,Arizona State,85281,AZ,Undergraduate,On-Campus,Scholarship,None,16.52
V-3949,2021-02-23,Michigan State,48824,MI,Graduate,Off-Campus,None,None,10.6
V-3950,2023-10-23,Georgia Tech,30332,GA,Undergraduate,Off-Campus,Pell Grant,Partial,17.76
V-3951,2023-11-06,UC Irvine,92697,CA,Undergraduate,On-Campus,Scholarship,None,10.76
V-3952,2023-03-10,Ohio State,43210,OH,Graduate,Off-Campus,Pell Grant,None,23.84
V-3953,2022-07-15,Georgia Tech,30332,GA,Undergraduate,On-Campus,None,None,18.93
V-3954,2023-11-13,Michigan State,48824,MI,Undergraduate,Off-Campus,Pell Grant,None,17.49
V-3955,2023-09-05,Ohio State,43210,OH,Undergraduate,On-Campus,None,None,8.04
V-3956,2022-08-14,UF Gainesville,32611,FL,Graduate,Off-Campus,None,Partial,18.56
V-3957,2023-11-24,UC Irvine,92697,CA,Undergraduate,Off-Campus,Pell Grant,None,7.65
V-3958,2024-05-06,Arizona State,85281,AZ,Graduate,Off-Campus,Pell Grant,None,29.53
V-3959,2024-03-20,UW Seattle,98195,WA,Undergraduate,Off-Campus,Pell Grant,None,17.62
V-3960,2021-05-02,UC Irvine,92697,CA,Graduate,Off-Campus,Pell Grant,None,22.13
V-3961,2023-11-30,UW Seattle,98195,WA,Undergraduate,Off-Campus,None,Partial,11.21
V-3962,2024-01-12,UMass Amherst,01003,MA,Undergraduate,Off-Campus,Pell Grant,Partial,11.94
V-3963,2022-10-24,Rutgers,08901,NJ,Graduate,Off-Campus,Scholarship,Partial,19.57
V-3964,2022-01-16,UW Seattle,98195,WA,Undergraduate,Off-Campus,None,Full,17.53
V-3965,2021-03-02,Rutgers,08901,NJ,Undergraduate,Off-Campus,Pell Grant,None,9.95
V-3966,2023-12-05,Michigan State,48824,MI,Graduate,Off-Campus,None,Full,28.77
V-3967,2021-04-10,Arizona State,85281,AZ,Undergraduate,On-Campus,Pell Grant,None,7.27
V-3968,2022-06-21,Michigan State,48824,MI,Undergraduate,Off-Campus,Pell Grant,Partial,13.26
V-3969,2022-01-04,Georgia Tech,30332,GA,Undergraduate,Off-Campus,Pell Grant,Partial,19.09
V-3970,2024-05-13,UW Seattle,98195,WA,Undergraduate,Off-Campus,Scholarship,Partial,11.56
V-3971,2023-03-11,Rutgers,08901,NJ,Undergraduate,Off-Campus,Scholarship,None,12.75
V-3972,2024-06-03,Texas A&M,77843,TX,Undergraduate,On-Campus,None,None,16.24
V-3973,2024-01-18,Arizona State,85281,AZ,Undergraduate,On-Campus,Pell Grant,Partial,11.38
V-3974,2022-12-09,UF Gainesville,32611,FL,Undergraduate,Off-Campus,Scholarship,None,7.91
V-3975,2023-03-06,Arizona State,85281,AZ,Undergraduate,On-Campus,Pell Grant,Partial,11.75
V-3976,2022-05-07,Rutgers,08901,NJ,Undergraduate,Off-Campus,Pell Grant,Partial,18.78
V-3977,2023-03-21,Michigan State,48824,MI,Undergraduate,Off-Campus,Pell Grant,None,13.84
V-3978,2025-01-02,Michigan State,48824,MI,Undergraduate,Off-Campus,Scholarship,Partial,11.98
V-3979,2021-09-12,Texas A&M,77843,TX,Undergraduate,Off-Campus,Pell Grant,None,9.45
V-3980,2021-09-21,UC Irvine,92697,CA,Undergraduate,On-Campus,Scholarship,Full,17.03
V-3981,2024-03-24,Arizona State,85281,AZ,Undergraduate,On-Campus,Scholarship,None,12.71
V-3982,2024-08-23,UF Gainesville,32611,FL,Undergraduate,Off-Campus,None,Full,17.46
V-3983,2022-06-09,UF Gainesville,32611,FL,Undergraduate,Off-Campus,Scholarship,None,12.73
V-3984,2021-06-05,Ohio State,43210,OH,Undergraduate,Off-Campus,Pell Grant,None,14.49
V-3985,2021-09-22,Georgia Tech,30332,GA,Undergraduate,Off-Campus,None,Partial,17.04
V-3986,2022-10-15,UF Gainesville,32611,FL,Undergraduate,Off-Campus,None,None,18.23
V-3987,2022-11-12,UMass Amherst,01003,MA,Undergraduate,Off-Campus,Pell Grant,None,10.7
V-3988,2024-10-17,UC Irvine,92697,CA,Undergraduate,Off-Campus,Pell Grant,Partial,15.2
V-3989,2022-12-14,UMass Amherst,01003,MA,Undergraduate,On-Campus,Pell Grant,None,12.41
V-3990,2023-01-07,UW Seattle,98195,WA,Undergraduate,On-Campus,Pell Grant,Partial,18.96
V-3991,2024-02-06,UF Gainesville,32611,FL,Undergraduate,Off-Campus,Pell Grant,None,11.63
V-3992,2024-05-24,Texas A&M,77843,TX,Undergraduate,Off-Campus,Pell Grant,Partial,17.15
V-3993,2023-02-26,Georgia Tech,30332,GA,Undergraduate,Off-Campus,None,None,15.95
V-3994,2023-12-03,Texas A&M,77843,TX,Undergraduate,On-Campus,None,None,11.82
V-3995,2022-05-24,UMass Amherst,01003,MA,Undergraduate,Off-Campus,Pell Grant,Partial,7.5
V-3996,2022-11-28,Michigan State,48824,MI,Undergraduate,Off-Campus,None,Partial,11.81
V-3997,2023-02-01,UF Gainesville,32611,FL,Undergraduate,Off-Campus,Pell Grant,None,13.3
V-3998,2021-01-06,UW Seattle,98195,WA,Undergraduate,Off-Campus,Pell Grant,None,11.87
V-3999,2022-11-24,UC Irvine,92697,CA,Undergraduate,Off-Campus,Pell Grant,None,13.01
